time,open,high,low,close,volume,ticker
2020-03-25,6.7,6.7,6.7,6.7,0,TTG
2020-03-26,6.7,6.7,6.7,6.7,0,TTG
2020-03-27,6.7,6.7,6.7,6.7,0,TTG
2020-03-30,6.7,6.7,6.7,6.7,0,TTG
2020-03-31,6.7,6.7,6.7,6.7,0,TTG
2020-04-01,6.7,6.7,6.7,6.7,0,TTG
2020-04-03,6.7,6.7,6.7,6.7,0,TTG
2020-04-06,6.7,6.7,6.7,6.7,0,TTG
2020-04-07,6.7,6.7,6.7,6.7,0,TTG
2020-04-08,6.7,6.7,6.7,6.7,0,TTG
2020-04-09,6.7,6.7,6.7,6.7,0,TTG
2020-04-10,6.7,6.7,6.7,6.7,0,TTG
2020-04-13,6.7,6.7,6.7,6.7,0,TTG
2020-04-14,6.7,6.7,6.7,6.7,0,TTG
2020-04-15,6.7,6.7,6.7,6.7,0,TTG
2020-04-16,6.7,6.7,6.7,6.7,0,TTG
2020-04-17,6.7,6.7,6.7,6.7,0,TTG
2020-04-20,6.7,6.7,6.7,6.7,0,TTG
2020-04-21,6.7,6.7,6.7,6.7,0,TTG
2020-04-22,6.7,6.7,6.7,6.7,0,TTG
2020-04-23,6.7,6.7,6.7,6.7,0,TTG
2020-04-24,6.7,6.7,6.7,6.7,0,TTG
2020-04-27,6.7,6.7,6.7,6.7,0,TTG
2020-04-28,6.7,6.7,6.7,6.7,0,TTG
2020-04-29,6.7,6.7,6.7,6.7,0,TTG
2020-05-04,6.7,6.7,6.7,6.7,0,TTG
2020-05-05,6.7,6.7,6.7,6.7,0,TTG
2020-05-06,6.7,6.7,6.7,6.7,0,TTG
2020-05-07,4.1,4.1,4.1,4.1,2300,TTG
2020-05-08,4.6,4.6,3.8,3.8,200,TTG
2020-05-11,4.2,3.8,3.8,3.8,0,TTG
2020-05-12,4.8,4.8,4.8,4.8,100,TTG
2020-05-13,4.8,4.8,4.8,4.8,0,TTG
2020-05-14,4.8,4.8,4.8,4.8,0,TTG
2020-05-15,4.8,4.8,4.8,4.8,0,TTG
2020-05-18,5.4,5.4,4.1,4.1,1200,TTG
2020-05-19,4.2,4.1,4.1,4.1,0,TTG
2020-05-20,4.2,4.1,4.1,4.1,0,TTG
2020-05-21,4.2,4.1,4.1,4.1,0,TTG
2020-05-22,4.7,4.7,4.7,4.7,100,TTG
2020-05-25,4.7,4.7,4.7,4.7,0,TTG
2020-05-26,5.3,5.3,5.3,5.3,100,TTG
2020-05-27,5.3,5.3,5.3,5.3,0,TTG
2020-05-28,5.3,5.3,5.3,5.3,0,TTG
2020-05-29,5.3,5.3,5.3,5.3,0,TTG
2020-06-01,5.3,5.3,5.3,5.3,0,TTG
2020-06-02,5.3,5.3,5.3,5.3,0,TTG
2020-06-03,5.3,5.3,5.3,5.3,0,TTG
2020-06-04,5.3,5.3,5.3,5.3,0,TTG
2020-06-05,5.3,5.3,5.3,5.3,0,TTG
2020-06-08,5.3,5.3,5.3,5.3,0,TTG
2020-06-09,5.3,5.3,5.3,5.3,0,TTG
2020-06-10,5.9,5.9,4.6,4.6,6600,TTG
2020-06-11,4.0,4.0,4.0,4.0,200,TTG
2020-06-12,4.6,4.6,4.6,4.6,100,TTG
2020-06-15,4.0,4.0,4.0,4.0,1300,TTG
2020-06-16,4.0,4.0,4.0,4.0,1500,TTG
2020-06-17,3.4,3.4,3.4,3.4,300,TTG
2020-06-18,3.0,3.0,3.0,3.0,1900,TTG
2020-06-19,3.0,3.0,3.0,3.0,0,TTG
2020-06-22,2.8,2.8,2.8,2.8,1000,TTG
2020-06-23,2.8,2.8,2.8,2.8,0,TTG
2020-06-24,3.2,3.2,3.2,3.2,100,TTG
2020-06-25,3.6,3.6,2.9,2.9,300,TTG
2020-06-26,3.1,2.9,2.9,2.9,0,TTG
2020-06-29,3.1,2.9,2.9,2.9,0,TTG
2020-06-30,3.1,2.9,2.9,2.9,0,TTG
2020-07-01,3.5,3.5,2.8,2.8,300,TTG
2020-07-02,3.0,2.8,2.8,2.8,0,TTG
2020-07-03,3.0,2.8,2.8,2.8,0,TTG
2020-07-06,3.3,3.3,3.3,3.3,2000,TTG
2020-07-07,3.3,3.3,3.3,3.3,0,TTG
2020-07-08,3.0,3.0,3.0,3.0,75500,TTG
2020-07-09,3.0,3.0,3.0,3.0,2000,TTG
2020-07-10,3.2,3.2,3.2,3.2,100,TTG
2020-07-13,3.2,3.2,3.2,3.2,0,TTG
2020-07-14,3.2,3.2,3.2,3.2,0,TTG
2020-07-15,3.2,3.2,3.2,3.2,0,TTG
2020-07-16,3.6,3.6,3.6,3.6,100,TTG
2020-07-17,3.1,4.1,3.1,4.1,1400,TTG
2020-07-20,4.6,4.6,4.6,4.6,2200,TTG
2020-07-21,4.0,4.9,4.0,4.9,6300,TTG
2020-07-22,4.5,4.5,4.5,4.5,100,TTG
2020-07-23,4.6,4.6,4.6,4.6,1000,TTG
2020-07-24,4.6,4.6,4.6,4.6,0,TTG
2020-07-27,5.1,5.1,5.1,5.1,100,TTG
2020-07-28,5.1,5.1,5.1,5.1,0,TTG
2020-07-29,5.1,5.1,5.1,5.1,0,TTG
2020-07-30,4.4,4.4,4.4,4.4,2800,TTG
2020-07-31,4.4,4.4,4.4,4.4,0,TTG
2020-08-03,4.4,4.4,4.4,4.4,0,TTG
2020-08-04,3.8,3.8,3.8,3.8,3200,TTG
2020-08-05,3.3,3.8,3.3,3.8,1300,TTG
2020-08-06,3.4,3.8,3.8,3.8,0,TTG
2020-08-07,3.4,3.8,3.8,3.8,0,TTG
2020-08-10,3.0,3.0,3.0,3.0,3800,TTG
2020-08-11,3.1,3.4,3.1,3.4,850,TTG
2020-08-12,3.3,3.4,3.4,3.4,0,TTG
2020-08-13,3.3,3.4,3.4,3.4,0,TTG
2020-08-14,3.3,3.4,3.4,3.4,0,TTG
2020-08-17,3.3,3.4,3.4,3.4,0,TTG
2020-08-18,3.3,3.4,3.4,3.4,0,TTG
2020-08-19,3.3,3.4,3.4,3.4,0,TTG
2020-08-20,3.3,3.3,3.3,3.3,900,TTG
2020-08-21,3.4,3.7,3.4,3.7,5200,TTG
2020-08-24,4.0,4.0,4.0,4.0,3500,TTG
2020-08-25,4.6,4.6,4.0,4.0,66300,TTG
2020-08-26,4.0,4.0,3.8,3.8,3700,TTG
2020-08-27,4.4,4.4,4.4,4.4,600,TTG
2020-08-28,3.9,4.2,3.8,3.8,2900,TTG
2020-08-31,3.6,3.6,3.3,3.4,35300,TTG
2020-09-01,3.4,3.4,3.4,3.4,1100,TTG
2020-09-03,3.3,3.8,3.3,3.8,3400,TTG
2020-09-04,3.6,3.8,3.6,3.8,6100,TTG
2020-09-07,3.6,3.7,3.6,3.6,5400,TTG
2020-09-08,3.7,3.7,3.7,3.7,1300,TTG
2020-09-09,3.7,3.7,3.5,3.7,1400,TTG
2020-09-10,3.6,3.7,3.6,3.7,2000,TTG
2020-09-11,3.6,3.6,3.6,3.6,1000,TTG
2020-09-14,3.7,3.7,3.7,3.7,1500,TTG
2020-09-15,3.7,3.7,3.7,3.7,0,TTG
2020-09-16,3.7,3.7,3.7,3.7,0,TTG
2020-09-17,3.7,3.7,3.7,3.7,0,TTG
2020-09-18,3.7,3.7,3.7,3.7,0,TTG
2020-09-21,3.7,3.7,3.7,3.7,0,TTG
2020-09-22,3.7,3.7,3.7,3.7,0,TTG
2020-09-23,3.8,3.8,3.6,3.8,900,TTG
2020-09-24,3.8,3.8,3.8,3.8,0,TTG
2020-09-25,3.8,3.8,3.8,3.8,0,TTG
2020-09-28,3.8,3.8,3.8,3.8,1,TTG
2020-09-29,3.8,3.8,3.8,3.8,0,TTG
2020-09-30,3.8,3.8,3.8,3.8,1,TTG
2020-10-01,3.8,4.3,3.8,4.0,4200,TTG
2020-10-02,4.2,4.2,4.2,4.2,602,TTG
2020-10-05,4.2,4.2,4.2,4.2,0,TTG
2020-10-06,4.2,4.2,4.2,4.2,0,TTG
2020-10-07,4.2,4.2,4.2,4.2,0,TTG
2020-10-08,4.2,4.2,4.2,4.2,0,TTG
2020-10-09,4.2,4.2,4.2,4.2,0,TTG
2020-10-12,4.2,4.2,4.2,4.2,0,TTG
2020-10-13,4.2,4.2,4.2,4.2,0,TTG
2020-10-14,4.2,4.2,4.2,4.2,0,TTG
2020-10-15,4.2,4.2,4.2,4.2,0,TTG
2020-10-16,4.2,4.2,4.2,4.2,0,TTG
2020-10-19,4.2,4.2,4.2,4.2,0,TTG
2020-10-20,3.6,3.6,3.6,3.6,600,TTG
2020-10-21,3.6,3.6,3.6,3.6,0,TTG
2020-10-22,3.6,3.6,3.6,3.6,0,TTG
2020-10-23,3.6,3.6,3.6,3.6,0,TTG
2020-10-26,3.6,3.6,3.6,3.6,6400,TTG
2020-10-27,3.6,3.6,3.6,3.6,0,TTG
2020-10-28,4.0,4.0,4.0,4.0,100,TTG
2020-10-29,4.0,4.0,4.0,4.0,0,TTG
2020-10-30,4.0,4.0,4.0,4.0,0,TTG
2020-11-02,4.0,4.0,4.0,4.0,500,TTG
2020-11-03,4.0,4.0,4.0,4.0,0,TTG
2020-11-04,4.0,4.0,4.0,4.0,0,TTG
2020-11-05,4.0,4.0,4.0,4.0,0,TTG
2020-11-06,4.0,4.0,4.0,4.0,0,TTG
2020-11-09,4.0,4.0,4.0,4.0,0,TTG
2020-11-10,4.0,4.0,4.0,4.0,0,TTG
2020-11-11,4.0,4.0,4.0,4.0,0,TTG
2020-11-12,4.0,4.0,4.0,4.0,0,TTG
2020-11-13,4.4,4.4,4.4,4.4,100,TTG
2020-11-16,5.0,5.0,5.0,5.0,100,TTG
2020-11-17,4.3,4.3,4.3,4.3,100,TTG
2020-11-18,4.3,4.3,4.3,4.3,0,TTG
2020-11-19,4.3,4.3,4.3,4.3,0,TTG
2020-11-20,4.3,4.3,4.3,4.3,0,TTG
2020-11-23,4.3,4.3,4.3,4.3,0,TTG
2020-11-24,4.3,4.3,4.3,4.3,0,TTG
2020-11-25,4.3,4.3,4.3,4.3,0,TTG
2020-11-26,4.3,4.3,4.3,4.3,0,TTG
2020-11-27,4.3,4.3,4.3,4.3,0,TTG
2020-11-30,4.3,4.3,4.3,4.3,0,TTG
2020-12-01,4.3,4.3,4.3,4.3,0,TTG
2020-12-02,4.3,4.3,4.3,4.3,0,TTG
2020-12-03,4.3,4.3,4.3,4.3,0,TTG
2020-12-04,3.7,3.7,3.7,3.7,8600,TTG
2020-12-07,3.2,3.2,3.2,3.2,6200,TTG
2020-12-08,3.6,3.6,3.6,3.6,1400,TTG
2020-12-09,3.6,3.6,3.6,3.6,0,TTG
2020-12-10,3.6,3.6,3.6,3.6,0,TTG
2020-12-11,3.6,3.6,3.6,3.6,0,TTG
2020-12-14,3.6,3.6,3.6,3.6,0,TTG
2020-12-15,3.6,3.6,3.6,3.6,0,TTG
2020-12-16,3.6,3.6,3.6,3.6,0,TTG
2020-12-17,3.5,3.5,3.5,3.5,100,TTG
2020-12-18,3.5,3.5,3.5,3.5,0,TTG
2020-12-21,3.5,3.5,3.5,3.5,0,TTG
2020-12-22,3.1,3.1,3.1,3.1,7200,TTG
2020-12-23,3.4,3.4,3.4,3.4,500,TTG
2020-12-24,3.8,3.8,3.8,3.8,400,TTG
2020-12-25,3.8,3.8,3.8,3.8,6,TTG
2020-12-28,3.8,3.8,3.8,3.8,0,TTG
2020-12-29,3.8,3.8,3.8,3.8,0,TTG
2020-12-30,3.8,3.8,3.8,3.8,29,TTG
2020-12-31,3.8,3.8,3.8,3.8,0,TTG
2021-01-04,3.4,4.0,3.4,4.0,1123,TTG
2021-01-05,3.9,4.0,4.0,4.0,0,TTG
2021-01-06,4.0,4.0,3.8,4.0,18620,TTG
2021-01-07,4.2,4.2,3.9,3.9,5410,TTG
2021-01-08,4.1,4.2,4.1,4.2,18700,TTG
2021-01-11,4.3,4.3,4.2,4.2,2300,TTG
2021-01-12,3.7,4.0,3.6,3.6,5008,TTG
2021-01-13,4.1,4.1,4.0,4.0,5900,TTG
2021-01-14,3.9,3.9,3.9,3.9,600,TTG
2021-01-15,4.1,4.1,4.1,4.1,800,TTG
2021-01-18,4.0,4.7,4.0,4.6,2102,TTG
2021-01-19,4.6,4.6,4.0,4.0,1600,TTG
2021-01-20,4.1,4.0,4.0,4.0,0,TTG
2021-01-21,4.4,4.4,4.4,4.4,100,TTG
2021-01-22,4.4,4.4,4.4,4.4,0,TTG
2021-01-25,4.0,4.0,4.0,4.0,200,TTG
2021-01-26,4.0,4.1,4.0,4.1,7200,TTG
2021-01-27,4.0,4.0,4.0,4.0,100,TTG
2021-01-28,4.1,4.1,4.0,4.0,1400,TTG
2021-01-29,4.1,4.0,4.0,4.0,0,TTG
2021-02-01,4.4,4.4,4.4,4.4,400,TTG
2021-02-02,4.4,4.4,4.4,4.4,0,TTG
2021-02-03,4.4,4.4,4.4,4.4,0,TTG
2021-02-04,4.4,4.4,4.4,4.4,0,TTG
2021-02-05,4.4,4.5,4.4,4.5,8800,TTG
2021-02-08,4.5,4.5,4.5,4.5,0,TTG
2021-02-09,4.5,4.5,4.5,4.5,0,TTG
2021-02-17,4.5,4.5,4.5,4.5,800,TTG
2021-02-18,4.5,4.5,4.5,4.5,0,TTG
2021-02-19,4.5,4.5,4.5,4.5,8700,TTG
2021-02-22,5.0,5.0,5.0,5.0,500,TTG
2021-02-23,5.0,5.0,5.0,5.0,1,TTG
2021-02-24,5.2,5.2,5.2,5.2,200,TTG
2021-02-25,4.5,5.1,4.5,5.1,400,TTG
2021-02-26,5.0,5.1,5.1,5.1,0,TTG
2021-03-01,5.2,5.2,4.3,4.3,300,TTG
2021-03-02,4.9,4.3,4.3,4.3,0,TTG
2021-03-03,4.4,4.4,4.4,4.4,300,TTG
2021-03-04,3.9,3.9,3.9,3.9,200,TTG
2021-03-05,4.4,4.4,4.4,4.4,1000,TTG
2021-03-08,4.4,4.4,4.4,4.4,1000,TTG
2021-03-09,3.9,3.9,3.9,3.9,100,TTG
2021-03-10,4.4,4.4,4.0,4.0,600,TTG
2021-03-11,4.0,4.7,4.0,4.7,3200,TTG
2021-03-12,4.5,4.7,4.7,4.7,0,TTG
2021-03-15,4.5,4.5,4.5,4.7,20,TTG
2021-03-16,4.0,4.0,4.0,4.0,2000,TTG
2021-03-17,4.0,4.0,4.0,4.0,0,TTG
2021-03-18,4.3,4.3,4.3,4.3,300,TTG
2021-03-19,4.3,4.3,4.3,4.3,0,TTG
2021-03-22,4.5,4.5,4.5,4.5,2500,TTG
2021-03-23,5.0,5.1,5.0,5.1,2900,TTG
2021-03-24,5.6,5.7,5.6,5.7,4300,TTG
2021-03-25,5.6,5.6,5.3,5.3,1000,TTG
2021-03-26,4.9,4.9,4.9,4.9,100,TTG
2021-03-29,5.0,5.4,5.0,5.4,500,TTG
2021-03-30,5.6,5.6,5.2,5.2,2300,TTG
2021-03-31,5.3,5.3,5.3,5.3,300,TTG
2021-04-01,5.5,5.7,5.5,5.5,2000,TTG
2021-04-02,5.5,5.5,5.5,5.5,300,TTG
2021-04-05,5.5,5.5,5.5,5.5,2000,TTG
2021-04-06,4.7,4.9,4.7,4.9,266,TTG
2021-04-07,5.5,5.5,5.5,5.5,51300,TTG
2021-04-08,6.2,6.3,6.2,6.3,2700,TTG
2021-04-09,5.5,6.5,5.5,6.5,200,TTG
2021-04-12,6.5,6.9,6.4,6.9,1600,TTG
2021-04-13,7.3,7.5,7.2,7.2,2000,TTG
2021-04-14,6.3,7.4,6.3,7.4,2300,TTG
2021-04-15,6.1,6.3,6.1,6.3,1100,TTG
2021-04-16,6.3,6.3,6.2,6.2,1066,TTG
2021-04-19,5.3,7.1,5.3,7.1,14800,TTG
2021-04-20,7.4,7.4,7.4,7.4,100,TTG
2021-04-22,7.4,7.4,7.4,7.4,0,TTG
2021-04-23,6.3,7.0,6.3,7.0,1500,TTG
2021-04-26,6.8,6.8,5.9,5.9,200,TTG
2021-04-27,6.4,6.5,6.4,6.5,1600,TTG
2021-04-28,5.7,5.8,5.7,5.8,200,TTG
2021-04-29,5.8,5.8,5.8,5.8,0,TTG
2021-05-04,5.2,5.2,5.2,5.2,1100,TTG
2021-05-05,5.2,5.2,5.2,5.2,0,TTG
2021-05-06,5.2,5.2,5.2,5.2,0,TTG
2021-05-07,4.6,4.6,4.6,4.6,100,TTG
2021-05-10,4.6,4.6,4.6,4.6,0,TTG
2021-05-11,4.6,4.6,4.6,4.6,0,TTG
2021-05-12,4.6,4.6,4.6,4.6,0,TTG
2021-05-13,5.2,5.2,5.2,5.2,1700,TTG
2021-05-14,5.2,5.2,5.2,5.2,110,TTG
2021-05-17,5.2,5.2,5.2,5.2,0,TTG
2021-05-18,4.5,5.2,4.5,5.2,300,TTG
2021-05-19,5.7,5.7,5.7,5.7,400,TTG
2021-05-20,4.9,4.9,4.9,4.9,200,TTG
2021-05-21,4.9,4.9,4.9,4.9,0,TTG
2021-05-24,4.9,4.9,4.9,4.9,0,TTG
2021-05-25,4.9,4.9,4.9,4.9,0,TTG
2021-05-26,4.3,4.3,4.3,4.3,200,TTG
2021-05-27,4.3,4.3,4.3,4.3,0,TTG
2021-05-28,4.3,4.3,4.3,4.3,0,TTG
2021-05-31,4.3,4.3,4.3,4.3,0,TTG
2021-06-01,3.8,3.8,3.8,3.8,200,TTG
2021-06-02,4.3,4.3,4.3,4.3,100,TTG
2021-06-03,4.9,4.9,4.9,4.9,100,TTG
2021-06-04,5.6,5.6,5.6,5.6,3400,TTG
2021-06-07,4.9,6.0,4.9,6.0,400,TTG
2021-06-08,6.1,6.1,4.7,4.7,300,TTG
2021-06-09,5.9,5.9,5.9,5.9,100,TTG
2021-06-10,6.7,6.7,5.3,6.5,7300,TTG
2021-06-11,6.5,6.5,5.4,5.4,6300,TTG
2021-06-14,6.3,5.4,5.4,5.4,0,TTG
2021-06-15,5.4,5.6,5.4,5.6,3800,TTG
2021-06-16,6.2,6.2,4.8,4.8,5400,TTG
2021-06-17,4.2,4.2,4.2,4.2,5000,TTG
2021-06-18,4.8,4.8,4.7,4.8,1100,TTG
2021-06-21,4.1,5.4,4.1,5.0,900,TTG
2021-06-22,5.0,5.7,5.0,5.7,2600,TTG
2021-06-23,6.0,6.0,6.0,6.0,110,TTG
2021-06-24,5.9,5.9,5.2,5.3,700,TTG
2021-06-25,6.3,6.3,4.9,4.9,1700,TTG
2021-06-28,4.4,4.4,4.4,4.4,610,TTG
2021-06-29,5.0,5.0,5.0,5.0,3800,TTG
2021-06-30,5.7,5.7,5.7,5.7,7900,TTG
2021-07-01,5.7,5.7,5.7,5.7,0,TTG
2021-07-02,5.5,5.5,5.5,5.5,100,TTG
2021-07-05,4.7,4.8,4.7,4.8,2700,TTG
2021-07-06,4.7,4.8,4.7,4.8,1900,TTG
2021-07-07,4.1,4.1,4.1,4.1,300,TTG
2021-07-08,4.7,4.7,4.7,4.7,7300,TTG
2021-07-09,4.7,4.7,4.7,4.7,0,TTG
2021-07-12,4.2,4.2,4.0,4.0,6100,TTG
2021-07-13,3.6,4.4,3.6,3.7,1000,TTG
2021-07-14,4.2,4.2,3.6,3.6,500,TTG
2021-07-15,4.2,4.2,4.2,4.2,100,TTG
2021-07-16,4.0,4.7,4.0,4.6,2358,TTG
2021-07-19,3.8,3.9,3.8,3.9,1000,TTG
2021-07-20,3.9,3.9,3.9,3.9,0,TTG
2021-07-21,3.9,3.9,3.9,3.9,0,TTG
2021-07-22,3.9,3.9,3.9,3.9,700,TTG
2021-07-23,3.9,3.9,3.9,3.9,800,TTG
2021-07-26,4.4,4.4,4.4,4.4,400,TTG
2021-07-27,5.0,5.0,3.8,4.9,1400,TTG
2021-07-28,4.5,4.9,4.9,4.9,0,TTG
2021-07-29,3.9,3.9,3.9,3.9,2000,TTG
2021-07-30,3.9,3.9,3.9,3.9,600,TTG
2021-08-02,4.0,4.0,4.0,4.0,100,TTG
2021-08-03,3.9,4.2,3.9,4.2,350,TTG
2021-08-04,4.1,4.5,4.0,4.1,1000,TTG
2021-08-05,4.3,4.3,4.3,4.3,701,TTG
2021-08-06,4.3,4.3,4.3,4.3,0,TTG
2021-08-09,4.4,4.4,4.4,4.4,2117,TTG
2021-08-10,4.4,4.4,4.4,4.4,0,TTG
2021-08-11,3.9,3.9,3.9,3.9,300,TTG
2021-08-12,3.9,3.9,3.9,3.9,2000,TTG
2021-08-13,3.9,3.9,3.9,3.9,500,TTG
2021-08-16,3.9,4.3,3.9,4.3,6700,TTG
2021-08-17,4.0,4.6,4.0,4.5,15800,TTG
2021-08-18,4.5,4.8,4.5,4.8,500,TTG
2021-08-19,4.6,4.6,4.6,4.6,720,TTG
2021-08-20,4.1,4.1,4.1,4.1,1900,TTG
2021-08-23,4.1,4.1,4.1,4.1,600,TTG
2021-08-24,4.4,4.4,4.4,4.4,100,TTG
2021-08-25,3.9,3.9,3.9,3.9,7400,TTG
2021-08-26,3.9,3.9,3.9,3.9,0,TTG
2021-08-27,3.9,4.0,3.9,3.9,1800,TTG
2021-08-30,4.0,4.4,4.0,4.4,4300,TTG
2021-08-31,4.9,4.9,4.9,4.9,12340,TTG
2021-09-01,5.6,5.6,5.5,5.6,25300,TTG
2021-09-06,6.0,6.2,5.5,6.2,10300,TTG
2021-09-07,5.7,5.7,5.0,5.0,3800,TTG
2021-09-08,5.2,5.7,5.2,5.7,2240,TTG
2021-09-09,4.6,4.9,4.6,4.9,2800,TTG
2021-09-10,4.9,5.5,4.9,5.5,8800,TTG
2021-09-13,6.2,6.2,5.6,5.8,6400,TTG
2021-09-14,5.9,6.2,5.8,5.9,7800,TTG
2021-09-15,5.9,5.9,5.9,5.9,12200,TTG
2021-09-16,5.9,5.9,5.5,5.6,9100,TTG
2021-09-17,5.5,5.5,5.1,5.1,6740,TTG
2021-09-20,5.0,5.0,4.6,5.0,16700,TTG
2021-09-21,4.7,4.7,4.7,4.7,0,TTG
2021-09-22,5.3,5.4,5.3,5.4,2000,TTG
2021-09-23,6.1,6.1,5.6,5.6,10113,TTG
2021-09-24,5.1,5.2,5.1,5.2,900,TTG
2021-09-27,5.0,5.0,5.0,5.0,400,TTG
2021-09-28,5.0,5.0,5.0,5.0,0,TTG
2021-09-29,5.0,5.0,5.0,5.0,0,TTG
2021-09-30,4.8,5.4,4.8,5.3,1700,TTG
2021-10-01,4.8,4.8,4.8,4.8,100,TTG
2021-10-04,4.9,4.9,4.8,4.8,2706,TTG
2021-10-05,4.8,4.8,4.8,4.8,0,TTG
2021-10-06,4.8,4.8,4.8,4.8,521,TTG
2021-10-07,4.5,4.7,4.5,4.7,1500,TTG
2021-10-08,5.2,5.2,4.8,4.8,4300,TTG
2021-10-11,4.9,4.9,4.9,4.9,0,TTG
2021-10-12,5.5,5.5,5.3,5.4,1200,TTG
2021-10-13,5.4,5.4,5.4,5.4,3900,TTG
2021-10-14,5.6,5.6,5.5,5.5,1600,TTG
2021-10-15,5.5,5.5,5.5,5.5,3300,TTG
2021-10-18,5.5,5.5,5.5,5.5,13,TTG
2021-10-19,5.4,5.4,4.7,5.3,8708,TTG
2021-10-20,4.9,5.4,4.9,5.3,600,TTG
2021-10-21,5.3,5.4,5.3,5.4,1500,TTG
2021-10-22,4.7,5.3,4.7,5.0,800,TTG
2021-10-25,5.0,5.2,5.0,5.2,5900,TTG
2021-10-26,5.0,5.4,4.7,5.4,1100,TTG
2021-10-27,5.4,5.5,5.4,5.4,2900,TTG
2021-10-28,5.3,5.4,5.3,5.4,2000,TTG
2021-10-29,5.4,5.4,5.4,5.4,2200,TTG
2021-11-01,5.0,5.6,5.0,5.5,23600,TTG
2021-11-02,5.5,5.8,5.5,5.8,11500,TTG
2021-11-03,5.9,6.5,5.9,6.5,35010,TTG
2021-11-04,7.4,7.4,7.0,7.4,20500,TTG
2021-11-05,8.5,8.5,7.3,8.5,12400,TTG
2021-11-08,8.4,8.8,7.4,8.3,18410,TTG
2021-11-09,7.5,7.5,6.8,7.5,9508,TTG
2021-11-10,7.9,8.1,7.5,8.1,30100,TTG
2021-11-11,8.9,8.9,8.4,8.9,41400,TTG
2021-11-12,8.3,10.1,8.3,10.1,29100,TTG
2021-11-15,10.1,11.3,10.1,11.3,30018,TTG
2021-11-16,12.0,12.0,9.5,10.9,24300,TTG
2021-11-17,8.6,11.3,8.6,10.8,34000,TTG
2021-11-18,12.0,12.3,10.0,11.5,14700,TTG
2021-11-19,13.0,13.2,10.3,12.4,30318,TTG
2021-11-22,10.8,13.9,10.8,13.5,50700,TTG
2021-11-23,10.6,12.9,10.6,12.4,26600,TTG
2021-11-24,12.4,12.4,10.5,10.9,25500,TTG
2021-11-25,10.2,12.0,10.2,10.4,32500,TTG
2021-11-26,9.2,10.8,9.2,10.4,20400,TTG
2021-11-29,9.3,11.9,9.3,10.2,41000,TTG
2021-11-30,10.7,11.1,9.3,10.4,32500,TTG
2021-12-01,10.5,10.5,9.2,10.1,13400,TTG
2021-12-02,9.2,9.5,9.0,9.5,12900,TTG
2021-12-03,9.2,9.2,8.3,8.3,8800,TTG
2021-12-06,9.7,9.8,8.4,8.5,31100,TTG
2021-12-07,8.5,9.4,8.4,9.3,27100,TTG
2021-12-08,9.2,9.2,8.4,9.0,19600,TTG
2021-12-09,9.0,9.0,7.9,7.9,5600,TTG
2021-12-10,8.9,9.0,8.5,8.9,17800,TTG
2021-12-13,9.0,9.0,8.3,8.8,39500,TTG
2021-12-14,8.8,8.8,8.2,8.7,16900,TTG
2021-12-15,8.6,8.6,8.0,8.4,14200,TTG
2021-12-16,8.5,8.5,8.0,8.4,5600,TTG
2021-12-17,8.5,8.5,8.2,8.4,14000,TTG
2021-12-20,8.4,8.4,7.9,8.3,11600,TTG
2021-12-21,8.0,9.0,8.0,8.3,31900,TTG
2021-12-22,7.9,8.4,7.9,8.4,15900,TTG
2021-12-23,8.5,8.9,8.4,8.4,25000,TTG
2021-12-24,8.5,8.5,8.1,8.3,10600,TTG
2021-12-27,8.4,8.4,7.5,8.0,28000,TTG
2021-12-28,7.5,8.0,7.4,7.5,21500,TTG
2021-12-29,7.6,8.5,7.6,8.4,15200,TTG
2021-12-30,8.3,8.3,7.5,7.9,16300,TTG
2021-12-31,7.9,7.9,7.5,7.8,10500,TTG
2022-01-04,7.8,7.9,7.8,7.9,9800,TTG
2022-01-05,7.9,7.9,7.8,7.8,21200,TTG
2022-01-06,7.9,7.9,7.7,7.9,6900,TTG
2022-01-07,7.6,8.1,7.6,8.1,17400,TTG
2022-01-10,8.5,8.7,8.3,8.7,53300,TTG
2022-01-11,8.5,9.5,8.5,8.9,39900,TTG
2022-01-12,9.1,9.1,8.0,8.4,63800,TTG
2022-01-13,8.6,8.6,7.9,8.4,8500,TTG
2022-01-14,8.4,8.4,7.8,8.0,16200,TTG
2022-01-17,7.9,7.9,7.1,7.2,12700,TTG
2022-01-18,7.2,7.7,7.0,7.0,10200,TTG
2022-01-19,7.5,7.5,7.5,7.5,100,TTG
2022-01-20,6.6,7.4,6.6,7.3,8500,TTG
2022-01-21,7.5,7.5,7.1,7.4,6900,TTG
2022-01-24,7.3,7.6,7.2,7.6,2200,TTG
2022-01-25,7.1,7.1,6.3,6.8,12900,TTG
2022-01-26,6.9,7.0,5.7,7.0,3900,TTG
2022-01-27,5.8,6.8,5.8,6.5,1400,TTG
2022-01-28,6.5,6.5,6.2,6.4,1700,TTG
2022-02-07,5.6,6.5,5.6,6.3,15000,TTG
2022-02-08,6.3,7.0,6.3,7.0,15900,TTG
2022-02-09,7.8,7.8,7.2,7.2,9400,TTG
2022-02-10,7.4,8.4,6.9,6.9,7200,TTG
2022-02-11,7.3,7.9,6.5,7.1,16600,TTG
2022-02-14,6.6,6.7,6.6,6.6,2700,TTG
2022-02-15,6.6,7.1,6.6,7.1,800,TTG
2022-02-16,7.1,7.2,5.9,6.8,26600,TTG
2022-02-17,6.7,6.7,6.7,6.7,3300,TTG
2022-02-18,7.0,7.0,6.3,6.9,12500,TTG
2022-02-21,6.8,7.0,6.7,7.0,6500,TTG
2022-02-22,6.9,7.2,6.4,7.2,2400,TTG
2022-02-23,6.8,7.0,6.7,7.0,4100,TTG
2022-02-24,7.0,7.0,6.7,6.7,5900,TTG
2022-02-25,6.6,7.2,6.6,7.1,15600,TTG
2022-02-28,6.0,7.3,6.0,7.3,1800,TTG
2022-03-01,6.6,6.9,6.6,6.9,10300,TTG
2022-03-02,6.9,7.0,6.7,6.8,11600,TTG
2022-03-03,6.8,6.9,6.8,6.9,3200,TTG
2022-03-04,6.8,7.0,6.7,7.0,35400,TTG
2022-03-07,7.0,7.0,6.7,7.0,9500,TTG
2022-03-08,7.1,7.1,7.0,7.0,9300,TTG
2022-03-09,7.0,7.0,6.6,7.0,5800,TTG
2022-03-10,7.1,7.1,6.8,7.0,3800,TTG
2022-03-11,6.9,7.0,6.8,6.9,6300,TTG
2022-03-14,6.8,7.0,6.8,6.9,20900,TTG
2022-03-15,6.9,7.1,6.5,7.0,7100,TTG
2022-03-16,6.8,7.0,6.8,7.0,2500,TTG
2022-03-17,6.8,7.0,6.7,7.0,4900,TTG
2022-03-18,7.1,7.3,6.7,7.3,11000,TTG
2022-03-21,7.1,7.3,7.0,7.0,7600,TTG
2022-03-22,7.0,7.2,7.0,7.2,8300,TTG
2022-03-23,7.2,7.3,6.8,7.0,25118,TTG
2022-03-24,6.8,7.0,6.8,7.0,7900,TTG
2022-03-25,6.9,7.0,6.8,6.9,11400,TTG
2022-03-28,6.9,6.9,6.7,6.7,10800,TTG
2022-03-29,6.8,7.0,6.8,7.0,6218,TTG
2022-03-30,6.8,7.1,6.8,7.1,24200,TTG
2022-03-31,7.3,7.9,7.0,7.9,68900,TTG
2022-04-01,8.9,8.9,8.9,8.9,71910,TTG
2022-04-04,10.2,10.2,9.3,10.2,125000,TTG
2022-04-05,10.1,10.1,8.7,9.2,62208,TTG
2022-04-06,8.8,8.8,8.0,8.2,7300,TTG
2022-04-07,7.9,8.7,7.1,8.2,34200,TTG
2022-04-08,7.5,8.6,7.5,8.0,14800,TTG
2022-04-12,8.1,8.3,7.1,8.1,16900,TTG
2022-04-13,8.0,8.0,7.2,7.9,12700,TTG
2022-04-14,7.3,7.3,7.2,7.3,51100,TTG
2022-04-15,7.2,7.3,6.6,7.3,10400,TTG
2022-04-18,6.9,7.3,6.8,6.8,6110,TTG
2022-04-19,6.9,7.1,6.9,7.0,4200,TTG
2022-04-20,6.8,7.0,6.7,6.9,3200,TTG
2022-04-21,6.6,7.2,6.0,6.3,15400,TTG
2022-04-22,7.1,7.1,6.1,6.2,10000,TTG
2022-04-25,6.1,6.1,6.0,6.1,6800,TTG
2022-04-26,6.1,6.7,6.0,6.0,5700,TTG
2022-04-27,6.0,6.2,6.0,6.2,1100,TTG
2022-04-28,6.1,6.5,6.1,6.5,1300,TTG
2022-04-29,6.0,6.4,6.0,6.4,3800,TTG
2022-05-04,6.4,6.5,6.3,6.5,1900,TTG
2022-05-05,6.1,6.5,5.8,6.5,4700,TTG
2022-05-06,6.3,6.3,6.3,6.3,500,TTG
2022-05-09,6.2,6.2,6.1,6.1,4400,TTG
2022-05-10,6.2,6.2,6.2,6.2,500,TTG
2022-05-11,6.3,6.4,6.3,6.4,600,TTG
2022-05-12,6.2,6.4,6.2,6.2,800,TTG
2022-05-13,6.2,6.2,6.2,6.2,100,TTG
2022-05-16,7.1,7.1,5.4,6.2,19900,TTG
2022-05-17,6.2,6.2,6.1,6.2,500,TTG
2022-05-18,6.5,6.5,6.5,6.5,300,TTG
2022-05-19,6.5,6.5,6.5,6.5,0,TTG
2022-05-20,6.5,6.5,6.5,6.5,0,TTG
2022-05-23,6.3,6.5,6.3,6.5,400,TTG
2022-05-24,6.2,6.2,6.2,6.2,100,TTG
2022-05-25,6.0,6.0,6.0,6.0,1200,TTG
2022-05-26,6.0,6.0,6.0,6.0,100,TTG
2022-05-27,6.0,6.0,6.0,6.0,300,TTG
2022-05-30,6.6,6.6,6.6,6.6,100,TTG
2022-05-31,6.1,6.1,6.1,6.1,100,TTG
2022-06-01,6.1,6.1,6.1,6.1,0,TTG
2022-06-02,6.1,6.1,6.1,6.1,0,TTG
2022-06-03,5.3,6.2,5.2,6.2,1600,TTG
2022-06-06,5.7,5.7,5.7,5.7,300,TTG
2022-06-07,5.1,5.1,4.9,4.9,8000,TTG
2022-06-08,5.0,5.4,5.0,5.4,7500,TTG
2022-06-09,5.4,5.4,5.4,5.4,100,TTG
2022-06-10,4.8,4.8,4.8,4.8,2500,TTG
2022-06-13,4.8,4.8,4.8,4.8,400,TTG
2022-06-14,4.2,5.4,4.2,5.4,300,TTG
2022-06-15,4.8,4.8,4.5,4.5,2300,TTG
2022-06-16,4.8,4.8,4.8,4.8,0,TTG
2022-06-17,4.8,4.8,4.8,4.8,0,TTG
2022-06-20,4.1,4.1,4.1,4.1,600,TTG
2022-06-21,4.1,4.6,4.1,4.6,200,TTG
2022-06-22,4.9,4.9,4.9,4.9,100,TTG
2022-06-23,5.4,5.4,5.4,5.4,200,TTG
2022-06-24,5.5,5.5,5.4,5.5,300,TTG
2022-06-27,5.7,5.7,5.7,5.7,100,TTG
2022-06-28,5.9,5.9,5.7,5.7,300,TTG
2022-06-29,6.0,6.0,5.9,5.9,300,TTG
2022-06-30,5.8,5.8,5.8,5.8,100,TTG
2022-07-01,5.0,5.9,5.0,5.9,800,TTG
2022-07-04,5.5,5.5,5.5,5.5,100,TTG
2022-07-05,6.2,6.2,4.7,4.7,300,TTG
2022-07-06,5.2,5.2,5.2,5.2,0,TTG
2022-07-07,5.2,5.2,5.2,5.2,0,TTG
2022-07-08,5.0,5.0,5.0,5.0,100,TTG
2022-07-11,4.3,4.3,4.3,4.3,800,TTG
2022-07-12,4.5,4.5,4.5,4.5,100,TTG
2022-07-13,4.8,4.8,4.5,4.5,200,TTG
2022-07-14,4.8,4.8,4.8,4.8,100,TTG
2022-07-15,4.8,4.8,4.8,4.8,2000,TTG
2022-07-18,4.9,4.9,4.9,4.9,200,TTG
2022-07-19,4.9,5.1,4.9,5.1,200,TTG
2022-07-20,5.1,5.1,5.0,5.0,2200,TTG
2022-07-21,5.0,5.0,5.0,5.0,0,TTG
2022-07-22,5.0,5.0,5.0,5.0,0,TTG
2022-07-25,5.0,5.0,5.0,5.0,0,TTG
2022-07-26,4.3,5.0,4.3,5.0,2100,TTG
2022-07-27,4.5,4.5,4.5,4.5,200,TTG
2022-07-28,5.0,5.1,5.0,5.0,300,TTG
2022-07-29,5.0,5.3,5.0,5.3,1200,TTG
2022-08-01,5.2,5.2,5.2,5.2,0,TTG
2022-08-02,4.5,4.7,4.5,4.7,1800,TTG
2022-08-03,5.0,5.0,5.0,5.0,400,TTG
2022-08-04,5.6,5.6,5.6,5.6,100,TTG
2022-08-05,5.3,6.4,5.3,6.4,40000,TTG
2022-08-08,6.3,7.1,6.3,6.7,4300,TTG
2022-08-09,7.5,7.5,6.0,6.5,16700,TTG
2022-08-10,6.0,6.0,6.0,6.0,500,TTG
2022-08-11,5.5,6.0,5.5,5.5,900,TTG
2022-08-12,6.2,6.2,5.7,5.7,300,TTG
2022-08-15,6.2,6.2,5.1,6.0,8800,TTG
2022-08-16,5.2,5.2,5.2,5.2,0,TTG
2022-08-17,5.4,5.4,5.1,5.1,40100,TTG
2022-08-18,5.6,5.7,5.6,5.7,5800,TTG
2022-08-19,6.2,6.2,5.2,5.6,500,TTG
2022-08-22,5.6,6.0,5.0,6.0,10900,TTG
2022-08-23,4.6,4.8,4.6,4.8,5900,TTG
2022-08-24,5.2,5.4,4.6,5.3,10408,TTG
2022-08-25,4.6,5.7,4.4,5.6,23800,TTG
2022-08-26,5.6,5.9,5.3,5.9,9500,TTG
2022-08-29,5.0,6.1,5.0,6.0,19200,TTG
2022-08-30,5.5,6.0,5.4,5.9,7200,TTG
2022-08-31,4.9,6.2,4.7,6.2,23700,TTG
2022-09-05,5.0,5.8,4.4,5.8,1067888,TTG
2022-09-06,5.0,5.0,5.0,5.0,500,TTG
2022-09-07,5.7,5.7,5.7,5.7,15500,TTG
2022-09-08,6.5,6.5,6.5,6.5,14100,TTG
2022-09-09,7.4,7.4,7.4,7.4,36511,TTG
2022-09-12,8.5,8.5,7.9,8.0,12935,TTG
2022-09-13,8.0,8.1,7.0,7.2,18400,TTG
2022-09-14,8.0,8.0,7.7,7.7,8400,TTG
2022-09-15,7.9,7.9,6.8,7.6,4600,TTG
2022-09-16,7.6,7.6,7.5,7.6,1000,TTG
2022-09-19,7.6,7.6,6.5,6.6,1500,TTG
2022-09-20,7.0,7.5,7.0,7.1,6310,TTG
2022-09-21,7.1,7.1,7.1,7.1,9300,TTG
2022-09-22,7.8,7.8,7.6,7.6,300,TTG
2022-09-23,6.8,7.6,6.6,7.6,4900,TTG
2022-09-26,6.7,6.7,5.8,5.8,4410,TTG
2022-09-27,6.4,6.7,6.0,6.0,2900,TTG
2022-09-28,6.1,6.1,6.1,6.1,0,TTG
2022-09-29,6.3,6.6,6.3,6.6,1400,TTG
2022-09-30,6.4,6.4,6.3,6.3,900,TTG
2022-10-03,6.3,6.3,6.3,6.3,300,TTG
2022-10-04,6.3,6.3,6.3,6.3,1,TTG
2022-10-05,6.3,6.3,6.3,6.3,0,TTG
2022-10-06,7.1,7.1,7.1,7.1,100,TTG
2022-10-07,7.0,7.0,7.0,7.0,100,TTG
2022-10-10,7.0,7.0,7.0,7.0,0,TTG
2022-10-11,6.0,6.0,6.0,6.0,1000,TTG
2022-10-12,6.0,6.0,6.0,6.0,0,TTG
2022-10-13,6.6,6.9,6.6,6.7,800,TTG
2022-10-14,7.1,7.4,7.1,7.4,300,TTG
2022-10-17,7.2,7.2,7.2,7.2,0,TTG
2022-10-18,6.2,6.2,6.2,6.2,1200,TTG
2022-10-19,6.9,6.9,6.9,6.9,100,TTG
2022-10-20,6.9,6.9,6.9,6.9,0,TTG
2022-10-21,7.0,7.0,7.0,7.0,600,TTG
2022-10-24,7.0,7.0,7.0,7.0,0,TTG
2022-10-25,7.0,7.0,7.0,7.0,0,TTG
2022-10-26,7.0,7.0,7.0,7.0,0,TTG
2022-10-27,7.0,7.0,7.0,7.0,0,TTG
2022-10-28,6.0,6.2,6.0,6.1,400,TTG
2022-10-31,7.0,7.0,5.2,5.2,1500,TTG
2022-11-01,5.4,6.2,5.4,6.2,200,TTG
2022-11-02,5.2,5.2,5.0,5.0,600,TTG
2022-11-03,5.1,5.1,5.1,5.1,0,TTG
2022-11-04,5.6,5.7,5.6,5.7,200,TTG
2022-11-07,5.0,5.0,5.0,5.0,100,TTG
2022-11-08,5.0,5.0,5.0,5.0,0,TTG
2022-11-09,5.0,5.0,5.0,5.0,1000,TTG
2022-11-10,4.4,4.9,4.4,4.9,200,TTG
2022-11-11,4.7,4.7,4.7,4.7,0,TTG
2022-11-14,4.7,4.7,4.7,4.7,0,TTG
2022-11-15,4.7,4.7,4.7,4.7,0,TTG
2022-11-16,4.7,4.7,4.7,4.7,0,TTG
2022-11-17,4.7,4.7,4.7,4.7,700,TTG
2022-11-18,4.7,4.7,4.7,4.7,0,TTG
2022-11-21,4.7,4.7,4.7,4.7,0,TTG
2022-11-22,5.3,5.3,5.3,5.3,300,TTG
2022-11-23,5.3,5.3,5.3,5.3,0,TTG
2022-11-24,4.6,4.6,4.6,4.6,400,TTG
2022-11-25,4.6,4.6,4.6,4.6,0,TTG
2022-11-28,5.2,5.2,5.1,5.1,200,TTG
2022-11-29,5.2,5.2,5.2,5.2,0,TTG
2022-11-30,5.2,5.2,5.2,5.2,0,TTG
2022-12-01,5.2,5.2,5.2,5.2,0,TTG
2022-12-02,5.2,5.2,5.2,5.2,0,TTG
2022-12-05,5.2,5.6,5.2,5.6,600,TTG
2022-12-06,5.4,5.4,5.4,5.4,99,TTG
2022-12-07,5.4,5.4,5.4,5.4,0,TTG
2022-12-08,5.4,5.4,5.4,5.4,0,TTG
2022-12-09,4.6,4.6,4.6,4.6,579,TTG
2022-12-12,4.6,4.6,4.6,4.6,0,TTG
2022-12-13,4.8,4.8,4.8,4.8,100,TTG
2022-12-14,4.8,4.8,4.8,4.8,0,TTG
2022-12-15,4.8,4.8,4.8,4.8,20,TTG
2022-12-16,5.1,5.1,5.1,5.1,100,TTG
2022-12-19,5.1,5.1,5.1,5.1,0,TTG
2022-12-20,4.9,4.9,4.9,4.9,100,TTG
2022-12-21,4.9,4.9,4.9,4.9,0,TTG
2022-12-22,4.9,4.9,4.9,4.9,0,TTG
2022-12-23,4.9,4.9,4.9,4.9,0,TTG
2022-12-26,4.9,4.9,4.9,4.9,0,TTG
2022-12-27,4.9,4.9,4.9,4.9,0,TTG
2022-12-28,4.9,4.9,4.9,4.9,0,TTG
2022-12-29,4.9,4.9,4.9,4.9,0,TTG
2022-12-30,4.9,4.9,4.9,4.9,0,TTG
2023-01-03,4.8,4.8,4.2,4.2,2900,TTG
2023-01-04,4.2,4.2,4.2,4.2,0,TTG
2023-01-05,4.2,4.2,4.2,4.2,0,TTG
2023-01-06,4.2,4.2,4.2,4.2,0,TTG
2023-01-09,4.2,4.2,4.2,4.2,0,TTG
2023-01-10,4.1,4.1,4.1,4.1,200,TTG
2023-01-11,4.1,4.1,4.1,4.1,0,TTG
2023-01-12,4.1,4.1,4.1,4.1,0,TTG
2023-01-13,4.1,4.1,4.1,4.1,0,TTG
2023-01-16,4.1,4.1,4.1,4.1,0,TTG
2023-01-17,4.1,4.1,4.1,4.1,0,TTG
2023-01-18,4.1,4.1,4.1,4.1,0,TTG
2023-01-19,4.1,4.1,4.1,4.1,0,TTG
2023-01-27,3.6,3.6,3.6,3.6,1600,TTG
2023-01-30,4.1,4.1,4.1,4.1,100,TTG
2023-01-31,4.7,4.7,4.5,4.5,700,TTG
2023-02-01,4.6,4.6,4.6,4.6,0,TTG
2023-02-02,4.6,4.6,4.6,4.6,0,TTG
2023-02-03,4.6,4.6,4.6,4.6,0,TTG
2023-02-06,4.6,4.6,4.6,4.6,0,TTG
2023-02-07,4.8,4.8,4.8,4.8,500,TTG
2023-02-08,5.0,5.1,5.0,5.1,2500,TTG
2023-02-09,5.0,5.0,5.0,5.0,0,TTG
2023-02-10,5.0,5.0,5.0,5.0,0,TTG
2023-02-13,5.0,5.0,5.0,5.0,0,TTG
2023-02-14,5.0,5.0,5.0,5.0,0,TTG
2023-02-15,5.0,5.0,5.0,5.0,0,TTG
2023-02-16,5.2,5.2,5.2,5.2,100,TTG
2023-02-17,5.2,5.2,5.2,5.2,0,TTG
2023-02-20,5.2,5.2,5.2,5.2,200,TTG
2023-02-21,5.2,5.2,5.2,5.2,0,TTG
2023-02-22,5.2,5.2,5.2,5.2,0,TTG
2023-02-23,5.2,5.2,5.2,5.2,0,TTG
2023-02-24,5.2,5.2,5.2,5.2,0,TTG
2023-02-27,5.2,5.2,5.2,5.2,0,TTG
2023-02-28,5.2,5.2,5.2,5.2,0,TTG
2023-03-01,5.2,5.2,5.2,5.2,0,TTG
2023-03-02,5.2,5.2,5.2,5.2,0,TTG
2023-03-03,5.2,5.2,5.2,5.2,0,TTG
2023-03-06,5.2,5.2,5.2,5.2,0,TTG
2023-03-07,5.2,5.2,5.2,5.2,0,TTG
2023-03-08,5.2,5.2,5.2,5.2,0,TTG
2023-03-09,5.2,5.2,5.2,5.2,0,TTG
2023-03-10,5.2,5.2,5.2,5.2,0,TTG
2023-03-13,5.2,5.2,5.2,5.2,0,TTG
2023-03-14,5.2,5.2,5.2,5.2,0,TTG
2023-03-15,5.2,5.2,5.2,5.2,0,TTG
2023-03-16,5.2,5.2,5.2,5.2,0,TTG
2023-03-17,5.2,5.2,5.2,5.2,0,TTG
2023-03-20,5.2,5.2,5.2,5.2,0,TTG
2023-03-21,5.2,5.2,5.2,5.2,0,TTG
2023-03-22,5.2,5.2,5.2,5.2,0,TTG
2023-03-23,5.2,5.2,5.2,5.2,0,TTG
2023-03-24,5.2,5.2,5.2,5.2,0,TTG
2023-03-27,5.2,5.2,5.2,5.2,0,TTG
2023-03-28,4.5,4.5,4.5,4.5,2500,TTG
2023-03-29,4.5,4.5,4.5,4.5,200,TTG
2023-03-30,4.6,4.6,4.6,4.6,100,TTG
2023-03-31,4.6,4.6,4.6,4.6,400,TTG
2023-04-03,4.6,4.6,4.6,4.6,0,TTG
2023-04-04,4.6,4.6,4.6,4.6,0,TTG
2023-04-05,4.6,4.6,4.6,4.6,100,TTG
2023-04-06,4.6,4.6,4.6,4.6,100,TTG
2023-04-07,4.0,4.0,4.0,4.0,200,TTG
2023-04-10,4.2,4.4,4.2,4.4,1300,TTG
2023-04-11,4.3,4.3,4.3,4.3,0,TTG
2023-04-12,4.3,4.3,4.3,4.3,0,TTG
2023-04-13,4.3,4.3,4.3,4.3,0,TTG
2023-04-14,4.3,4.3,4.3,4.3,0,TTG
2023-04-17,4.3,4.3,4.3,4.3,0,TTG
2023-04-18,4.3,4.3,4.3,4.3,0,TTG
2023-04-19,4.3,4.3,4.3,4.3,100,TTG
2023-04-20,4.3,4.3,4.3,4.3,600,TTG
2023-04-21,4.3,4.3,4.3,4.3,0,TTG
2023-04-24,4.4,4.4,4.4,4.4,100,TTG
2023-04-25,4.4,4.4,4.4,4.4,0,TTG
2023-04-26,4.4,4.4,4.4,4.4,0,TTG
2023-04-27,4.0,4.0,4.0,4.0,200,TTG
2023-04-28,4.5,4.5,4.5,4.5,3300,TTG
2023-05-04,4.5,4.5,4.5,4.5,0,TTG
2023-05-05,3.9,3.9,3.9,3.9,200,TTG
2023-05-08,4.2,4.2,4.2,4.2,500,TTG
2023-05-09,4.2,4.2,4.2,4.2,1000,TTG
2023-05-10,4.2,4.2,4.2,4.2,3600,TTG
2023-05-11,4.2,4.2,4.2,4.2,0,TTG
2023-05-12,4.3,4.3,3.6,4.3,5900,TTG
2023-05-15,3.7,3.7,3.7,3.7,0,TTG
2023-05-16,4.1,4.1,4.1,4.1,2500,TTG
2023-05-17,4.1,4.1,4.1,4.1,0,TTG
2023-05-18,4.1,4.1,4.1,4.1,0,TTG
2023-05-19,4.2,4.2,4.2,4.2,1500,TTG
2023-05-22,4.2,4.2,4.2,4.2,0,TTG
2023-05-23,4.2,4.2,4.2,4.2,0,TTG
2023-05-24,4.0,4.0,4.0,4.0,600,TTG
2023-05-25,4.6,4.6,4.6,4.6,100,TTG
2023-05-26,4.6,4.6,4.6,4.6,0,TTG
2023-05-29,4.5,5.2,4.2,5.2,10700,TTG
2023-05-30,5.7,5.7,5.7,5.7,100,TTG
2023-05-31,5.7,5.7,5.7,5.7,0,TTG
2023-06-01,5.7,5.7,5.7,5.7,0,TTG
2023-06-02,5.7,5.7,5.7,5.7,200,TTG
2023-06-05,5.7,5.7,5.7,5.7,0,TTG
2023-06-06,5.7,5.7,5.7,5.7,0,TTG
2023-06-07,5.7,5.7,5.7,5.7,0,TTG
2023-06-08,5.7,5.7,5.7,5.7,0,TTG
2023-06-09,5.7,5.7,5.7,5.7,0,TTG
2023-06-12,5.7,5.7,5.7,5.7,100,TTG
2023-06-13,6.0,6.0,6.0,6.0,100,TTG
2023-06-14,5.1,5.1,5.1,5.1,5300,TTG
2023-06-15,5.1,5.1,5.0,5.0,200,TTG
2023-06-16,5.1,5.1,5.1,5.1,0,TTG
2023-06-19,4.4,4.4,4.4,4.4,5000,TTG
2023-06-20,4.4,4.4,4.4,4.4,0,TTG
2023-06-21,4.4,4.4,4.4,4.4,0,TTG
2023-06-22,4.6,4.6,4.6,4.6,100,TTG
2023-06-23,5.0,5.0,5.0,5.0,5300,TTG
2023-06-26,4.3,4.3,4.3,4.3,100,TTG
2023-06-27,4.6,4.9,4.5,4.9,6200,TTG
2023-06-28,5.2,5.2,5.2,5.2,600,TTG
2023-06-29,5.9,5.9,5.8,5.8,200,TTG
2023-06-30,6.7,6.7,5.9,5.9,600,TTG
2023-07-03,6.8,6.8,6.8,6.8,105,TTG
2023-07-04,6.8,6.8,6.8,6.8,0,TTG
2023-07-05,6.8,6.8,6.8,6.8,0,TTG
2023-07-06,6.7,7.5,5.8,5.8,9200,TTG
2023-07-07,5.8,5.8,5.8,5.8,2000,TTG
2023-07-10,6.6,6.6,5.7,5.7,1100,TTG
2023-07-11,5.8,5.8,5.8,5.8,0,TTG
2023-07-12,5.8,5.8,5.8,5.8,0,TTG
2023-07-13,5.8,5.8,5.8,5.8,0,TTG
2023-07-14,5.8,5.8,5.8,5.8,100,TTG
2023-07-17,5.8,5.8,5.8,5.8,0,TTG
2023-07-18,5.8,5.8,5.8,5.8,0,TTG
2023-07-19,5.8,5.8,5.8,5.8,0,TTG
2023-07-20,5.8,5.8,5.8,5.8,0,TTG
2023-07-21,5.6,5.8,5.6,5.8,1103,TTG
2023-07-24,5.7,5.7,5.7,5.7,0,TTG
2023-07-25,5.7,5.7,5.7,5.7,0,TTG
2023-07-26,5.7,5.7,5.7,5.7,0,TTG
2023-07-27,5.7,5.7,5.7,5.7,3000,TTG
2023-07-28,5.8,5.8,5.4,5.4,662,TTG
2023-07-31,5.5,5.5,5.5,5.5,0,TTG
2023-08-01,5.5,5.5,5.5,5.5,0,TTG
2023-08-02,6.0,6.0,6.0,6.0,103,TTG
2023-08-03,5.5,5.5,5.5,5.5,100,TTG
2023-08-04,5.5,5.5,5.5,5.5,0,TTG
2023-08-07,5.5,5.5,5.5,5.5,35,TTG
2023-08-08,5.5,5.5,5.5,5.5,500,TTG
2023-08-09,5.5,5.5,5.5,5.5,400,TTG
2023-08-10,5.5,5.5,5.5,5.5,17700,TTG
2023-08-11,6.3,6.3,6.3,6.3,12111,TTG
2023-08-14,6.3,7.0,6.3,6.4,6800,TTG
2023-08-15,6.6,7.5,6.2,7.5,15501,TTG
2023-08-16,6.9,7.4,6.7,7.4,6950,TTG
2023-08-17,8.0,8.0,7.0,7.3,47835,TTG
2023-08-18,7.4,7.4,7.4,7.4,8500,TTG
2023-08-21,7.3,7.3,7.3,7.3,702,TTG
2023-08-22,7.2,7.2,7.2,7.2,6500,TTG
2023-08-23,7.1,7.1,6.5,6.5,925,TTG
2023-08-24,6.6,7.5,6.6,7.5,131700,TTG
2023-08-25,7.0,7.5,6.6,7.5,362733,TTG
2023-08-28,7.5,7.5,7.5,7.5,2400,TTG
2023-08-29,7.5,8.6,7.5,8.6,128661,TTG
2023-08-30,8.9,8.9,8.0,8.9,39283,TTG
2023-08-31,9.8,9.8,9.5,9.6,1000,TTG
2023-09-05,8.6,8.6,8.3,8.6,6201,TTG
2023-09-06,8.1,9.7,7.4,9.7,37500,TTG
2023-09-07,8.5,9.7,7.6,8.5,38801,TTG
2023-09-08,9.8,9.8,9.5,9.5,2100,TTG
2023-09-11,8.6,9.0,8.2,8.5,4280,TTG
2023-09-12,9.5,9.5,9.5,9.5,102,TTG
2023-09-13,9.5,9.5,8.5,8.5,4000,TTG
2023-09-14,8.6,8.6,8.5,8.5,3700,TTG
2023-09-15,7.6,9.5,7.6,8.5,134700,TTG
2023-09-18,10.1,10.1,8.8,8.8,700,TTG
2023-09-19,9.0,9.0,9.0,9.0,0,TTG
2023-09-20,8.8,9.4,8.5,9.4,9800,TTG
2023-09-21,8.6,8.6,8.6,8.6,140,TTG
2023-09-22,8.6,9.4,8.6,8.6,2800,TTG
2023-09-25,8.6,9.1,7.5,8.2,2900,TTG
2023-09-26,8.9,8.9,8.1,8.1,300,TTG
2023-09-27,8.4,8.6,8.3,8.6,700,TTG
2023-09-28,8.8,8.8,8.8,8.8,200,TTG
2023-09-29,9.4,9.4,7.7,8.4,1000,TTG
2023-10-02,8.8,8.9,8.3,8.3,95805,TTG
2023-10-03,9.4,9.4,9.4,9.4,100,TTG
2023-10-04,9.4,9.4,9.4,9.4,0,TTG
2023-10-05,9.4,9.4,9.4,9.4,0,TTG
2023-10-06,10.3,10.3,8.4,9.7,302,TTG
2023-10-09,9.5,9.5,9.5,9.5,0,TTG
2023-10-10,9.5,9.5,9.5,9.5,20,TTG
2023-10-11,10.2,10.2,10.2,10.2,200,TTG
2023-10-12,10.2,10.2,10.2,10.2,0,TTG
2023-10-13,10.2,10.2,10.2,10.2,0,TTG
2023-10-16,9.0,9.0,8.7,8.7,84501,TTG
2023-10-17,9.0,9.0,9.0,9.0,0,TTG
2023-10-18,7.8,8.4,7.8,8.4,2300,TTG
2023-10-19,8.9,8.9,7.1,8.7,700,TTG
2023-10-20,8.7,8.7,7.5,7.5,1600,TTG
2023-10-23,8.3,8.3,7.8,7.8,1400,TTG
2023-10-24,9.3,9.3,7.0,8.4,90516,TTG
2023-10-25,8.3,8.5,8.3,8.5,1001,TTG
2023-10-26,9.6,9.7,8.0,8.0,1200,TTG
2023-10-27,9.4,9.5,8.2,8.3,1800,TTG
2023-10-30,10.0,10.0,7.8,9.4,1500,TTG
2023-10-31,7.9,9.9,7.9,8.0,2000,TTG
2023-11-01,9.8,9.8,9.8,9.8,400,TTG
2023-11-02,9.8,9.8,9.8,9.8,0,TTG
2023-11-03,9.8,9.8,9.8,9.8,0,TTG
2023-11-06,9.4,9.4,9.4,9.4,100,TTG
2023-11-07,9.4,9.4,9.4,9.4,0,TTG
2023-11-08,9.4,9.4,9.4,9.4,0,TTG
2023-11-09,9.4,9.4,9.4,9.4,0,TTG
2023-11-10,9.4,9.4,9.4,9.4,0,TTG
2023-11-13,9.4,9.4,9.4,9.4,0,TTG
2023-11-14,8.0,9.2,8.0,8.8,10300,TTG
2023-11-15,8.9,8.9,7.6,8.8,600,TTG
2023-11-16,8.9,8.9,8.9,8.9,300,TTG
2023-11-17,9.9,9.9,8.0,8.8,1300,TTG
2023-11-20,8.4,8.8,8.4,8.5,400,TTG
2023-11-21,8.6,8.6,8.6,8.6,0,TTG
2023-11-22,8.6,8.6,8.6,8.6,100,TTG
2023-11-23,8.5,8.9,8.5,8.9,4600,TTG
2023-11-24,9.9,9.9,7.6,8.4,4000,TTG
2023-11-27,8.9,8.9,8.7,8.7,5001,TTG
2023-11-28,9.9,9.9,9.9,9.9,500,TTG
2023-11-29,9.5,9.5,8.5,9.3,8100,TTG
2023-11-30,10.0,10.0,8.2,9.2,3500,TTG
2023-12-01,9.8,9.8,9.8,9.8,0,TTG
2023-12-04,9.8,9.8,9.8,9.8,0,TTG
2023-12-05,9.8,9.8,9.8,9.8,0,TTG
2023-12-06,9.8,9.8,9.8,9.8,0,TTG
2023-12-07,9.8,9.8,9.8,9.8,0,TTG
2023-12-08,9.8,9.8,9.8,9.8,0,TTG
2023-12-11,9.8,9.8,9.8,9.8,0,TTG
2023-12-12,9.8,9.8,9.8,9.8,0,TTG
2023-12-13,9.8,9.8,9.8,9.8,0,TTG
2023-12-14,9.8,9.8,9.8,9.8,0,TTG
2023-12-15,9.8,9.8,9.8,9.8,0,TTG
2023-12-18,9.8,9.8,9.8,9.8,0,TTG
2023-12-19,9.8,9.8,9.8,9.8,0,TTG
2023-12-20,9.8,9.8,9.8,9.8,0,TTG
2023-12-21,9.8,9.8,9.8,9.8,0,TTG
2023-12-22,9.8,9.8,9.8,9.8,0,TTG
2023-12-25,9.8,9.8,9.8,9.8,17,TTG
2023-12-26,9.8,9.8,9.8,9.8,0,TTG
2023-12-27,9.8,9.8,9.8,9.8,1,TTG
2023-12-28,9.8,9.8,9.8,9.8,0,TTG
2023-12-29,9.4,11.2,9.4,11.2,2100,TTG
2024-01-02,11.0,11.0,11.0,11.0,102,TTG
2024-01-03,10.4,10.4,10.4,10.4,1500,TTG
2024-01-04,11.5,11.5,9.0,9.9,905,TTG
2024-01-05,11.0,11.0,8.3,9.5,1001,TTG
2024-01-08,9.0,9.0,9.0,9.0,18517,TTG
2024-01-09,8.7,9.5,8.7,9.5,2001,TTG
2024-01-10,9.0,9.5,8.9,9.5,55700,TTG
2024-01-11,9.0,9.4,9.0,9.3,10601,TTG
2024-01-12,9.0,9.5,8.4,8.4,10300,TTG
2024-01-15,9.5,10.0,9.5,9.5,5202,TTG
2024-01-16,9.9,9.9,8.8,9.4,21800,TTG
2024-01-17,9.5,9.9,8.4,9.2,8800,TTG
2024-01-18,9.5,9.5,9.2,9.2,5502,TTG
2024-01-19,9.1,9.2,9.1,9.2,5102,TTG
2024-01-22,9.0,9.0,9.0,9.0,12000,TTG
2024-01-23,9.4,9.5,9.2,9.2,7100,TTG
2024-01-24,10.2,10.2,8.3,9.3,2208,TTG
2024-01-25,9.5,9.5,9.5,9.5,103,TTG
2024-01-26,9.5,9.5,9.5,9.5,0,TTG
2024-01-29,9.5,9.5,8.8,9.4,3001,TTG
2024-01-30,9.1,9.1,9.1,9.1,0,TTG
2024-01-31,9.1,9.1,9.1,9.1,0,TTG
2024-02-01,9.4,9.4,9.4,9.4,4500,TTG
2024-02-02,8.5,9.1,8.0,9.1,28300,TTG
2024-02-05,9.5,9.5,9.5,9.5,100,TTG
2024-02-06,9.1,9.1,8.8,9.0,3200,TTG
2024-02-07,9.0,9.0,9.0,9.0,100,TTG
2024-02-15,9.0,9.0,9.0,9.0,0,TTG
2024-02-16,9.0,9.0,9.0,9.0,0,TTG
2024-02-19,9.5,9.5,9.5,9.5,100,TTG
2024-02-20,9.5,9.5,8.9,9.0,90500,TTG
2024-02-21,9.3,9.3,9.3,9.3,5000,TTG
2024-02-22,9.3,9.3,9.3,9.3,0,TTG
2024-02-23,8.1,8.9,8.1,8.9,900,TTG
2024-02-26,9.3,9.3,9.3,9.3,129,TTG
2024-02-27,9.3,9.3,9.3,9.3,0,TTG
2024-02-28,8.9,9.2,8.9,9.2,1300,TTG
2024-02-29,9.1,9.1,9.1,9.1,0,TTG
2024-03-01,9.1,9.1,9.1,9.1,0,TTG
2024-03-04,9.3,9.3,9.3,9.3,2010,TTG
2024-03-05,8.0,9.1,8.0,9.1,3900,TTG
2024-03-06,9.4,9.4,9.4,9.4,500,TTG
2024-03-07,9.4,9.4,9.4,9.4,0,TTG
2024-03-08,9.4,9.4,9.4,9.4,0,TTG
2024-03-11,9.4,9.4,9.4,9.4,0,TTG
2024-03-12,9.4,9.4,9.4,9.4,0,TTG
2024-03-13,9.4,9.4,9.4,9.4,0,TTG
2024-03-14,9.3,9.3,9.3,9.3,100,TTG
2024-03-15,9.3,9.3,9.3,9.3,0,TTG
2024-03-18,8.1,9.2,8.1,9.2,2500,TTG
2024-03-19,9.1,9.1,9.1,9.1,100,TTG
2024-03-20,8.9,8.9,8.9,8.9,300,TTG
2024-03-21,9.0,9.0,9.0,9.0,8021,TTG
2024-03-22,9.0,9.0,8.8,8.8,10000,TTG
2024-03-25,8.5,8.5,8.5,8.5,1000,TTG
2024-03-26,8.9,8.9,8.5,8.9,5300,TTG
2024-03-27,9.4,9.4,9.4,9.4,100,TTG
2024-03-28,9.2,10.8,9.0,10.5,219700,TTG
2024-03-29,8.6,10.5,8.5,10.5,34100,TTG
2024-04-01,9.8,9.8,9.0,9.0,15700,TTG
2024-04-02,10.5,10.5,9.3,10.4,13605,TTG
2024-04-03,10.3,11.8,9.4,10.0,31800,TTG
2024-04-04,10.3,11.8,10.3,11.8,87401,TTG
2024-04-05,11.8,12.5,10.9,12.5,20700,TTG
2024-04-08,12.0,13.8,12.0,12.5,3606,TTG
2024-04-09,12.6,14.4,12.1,14.4,21904,TTG
2024-04-10,14.4,14.4,14.4,14.4,1900,TTG
2024-04-11,15.5,16.0,13.5,14.5,16950,TTG
2024-04-12,14.5,15.9,12.7,13.5,11400,TTG
2024-04-15,14.8,14.8,13.1,13.1,10411,TTG
2024-04-16,14.8,14.8,12.8,14.7,3209,TTG
2024-04-17,13.0,15.0,12.9,15.0,3830,TTG
2024-04-19,14.6,14.6,14.6,14.6,500,TTG
2024-04-22,12.9,14.5,12.9,14.5,1607,TTG
2024-04-23,14.9,14.9,14.9,14.9,100,TTG
2024-04-24,14.9,15.4,14.9,14.9,19000,TTG
2024-04-25,15.2,15.2,15.2,15.2,0,TTG
2024-04-26,15.2,16.0,13.0,16.0,10100,TTG
2024-05-02,15.3,15.3,15.3,15.3,0,TTG
2024-05-03,16.0,16.0,16.0,16.0,100,TTG
2024-05-06,15.5,15.5,15.5,15.5,200,TTG
2024-05-07,13.2,15.5,13.2,15.4,2100,TTG
2024-05-08,14.0,16.0,14.0,16.0,96001,TTG
2024-05-09,13.7,14.6,13.0,14.6,17200,TTG
2024-05-10,14.0,14.5,14.0,14.5,500,TTG
2024-05-13,14.1,14.1,14.1,14.1,0,TTG
2024-05-14,14.1,14.1,14.1,14.1,0,TTG
2024-05-15,14.1,16.2,14.1,15.5,6300,TTG
2024-05-16,15.3,15.3,15.3,15.3,0,TTG
2024-05-17,15.3,15.3,15.3,15.3,0,TTG
2024-05-20,13.2,15.5,13.1,14.5,8600,TTG
2024-05-21,16.0,16.2,16.0,16.2,26336,TTG
2024-05-22,16.1,16.1,16.1,16.1,0,TTG
2024-05-23,16.1,16.1,16.1,16.1,0,TTG
2024-05-24,16.1,16.1,16.1,16.1,0,TTG
2024-05-27,16.1,16.1,16.1,16.1,0,TTG
2024-05-28,16.1,16.1,16.1,16.1,0,TTG
2024-05-29,18.0,18.0,16.1,16.1,200,TTG
2024-05-30,17.1,17.1,17.1,17.1,34,TTG
2024-05-31,17.1,17.1,17.1,17.1,0,TTG
2024-06-03,17.1,17.1,17.1,17.1,0,TTG
2024-06-04,17.1,17.1,17.1,17.1,2,TTG
2024-06-05,14.6,18.0,14.6,18.0,2000,TTG
2024-06-06,15.5,15.5,15.5,15.5,400,TTG
2024-06-07,15.5,15.5,15.5,15.5,400,TTG
2024-06-10,15.5,15.5,15.5,15.5,1600,TTG
2024-06-11,16.9,17.4,15.5,15.5,500,TTG
2024-06-12,15.5,15.5,15.5,15.5,2200,TTG
2024-06-13,15.5,15.5,15.5,15.5,2200,TTG
2024-06-14,13.3,14.9,13.3,14.9,6610,TTG
2024-06-17,14.4,14.4,14.4,14.4,0,TTG
2024-06-18,16.5,16.5,16.5,16.5,100,TTG
2024-06-19,16.5,16.5,16.5,16.5,0,TTG
2024-06-20,16.5,16.5,16.5,16.5,7,TTG
2024-06-21,15.0,15.0,15.0,15.0,329,TTG
2024-06-24,15.0,15.0,15.0,15.0,0,TTG
2024-06-25,14.6,14.6,14.6,14.6,720,TTG
2024-06-26,16.4,16.4,16.4,16.4,100,TTG
2024-06-27,16.0,16.0,16.0,16.0,300,TTG
2024-06-28,16.0,16.0,16.0,16.0,0,TTG
2024-07-01,13.7,15.4,13.7,15.4,2200,TTG
2024-07-02,15.4,15.4,15.4,15.4,200,TTG
2024-07-03,15.4,15.4,15.4,15.4,0,TTG
2024-07-04,15.4,15.4,15.4,15.4,0,TTG
2024-07-05,15.3,15.3,13.2,15.3,2000,TTG
2024-07-08,16.4,16.4,16.4,16.4,1000,TTG
2024-07-09,17.0,17.0,17.0,17.0,1600,TTG
2024-07-10,17.0,17.0,17.0,17.0,0,TTG
2024-07-11,17.0,17.0,17.0,17.0,0,TTG
2024-07-12,17.0,17.0,17.0,17.0,0,TTG
2024-07-15,17.0,17.0,17.0,17.0,0,TTG
2024-07-16,17.0,17.0,17.0,17.0,0,TTG
2024-07-17,17.0,17.0,17.0,17.0,0,TTG
2024-07-18,19.1,19.1,16.7,18.0,1910,TTG
2024-07-19,18.3,18.3,18.3,18.3,0,TTG
2024-07-22,18.3,18.3,18.3,18.3,0,TTG
2024-07-23,15.6,21.0,15.6,19.9,6100,TTG
2024-07-24,16.9,16.9,16.9,16.9,101,TTG
2024-07-25,15.0,15.0,15.0,15.0,100,TTG
2024-07-29,16.7,16.7,16.7,16.7,6500,TTG
2024-07-30,18.7,18.7,18.7,18.7,1600,TTG
2024-07-31,18.7,18.7,15.6,15.6,300,TTG
2024-08-01,15.0,15.0,14.2,14.2,1900,TTG
2024-08-02,16.3,16.3,12.3,16.2,46200,TTG
2024-08-05,14.0,14.0,14.0,14.0,100,TTG
2024-08-06,16.1,16.1,15.5,15.5,1300,TTG
2024-08-07,15.0,15.0,14.9,14.9,8000,TTG
2024-08-08,14.7,14.7,14.7,14.7,5000,TTG
2024-08-09,12.5,16.2,12.5,16.2,17600,TTG
2024-08-12,13.0,14.5,13.0,14.5,300,TTG
2024-08-13,14.0,15.4,14.0,15.4,12400,TTG
2024-08-15,16.6,16.6,12.6,16.0,1700,TTG
2024-08-16,14.5,14.5,14.4,14.4,1100,TTG
2024-08-20,14.8,14.8,12.3,14.4,700,TTG
2024-08-21,14.4,14.4,13.1,14.3,1700,TTG
2024-08-22,14.2,14.2,12.2,14.2,6000,TTG
2024-08-23,14.1,14.4,13.0,14.4,1400,TTG
2024-08-26,13.2,14.9,13.2,13.3,2200,TTG
2024-08-27,13.2,13.2,13.2,13.2,3000,TTG
2024-08-29,11.6,12.8,11.6,12.8,2000,TTG
2024-08-30,12.5,12.5,11.9,11.9,31600,TTG
2024-09-06,12.1,12.1,12.1,12.1,500,TTG
2024-09-16,10.6,12.0,10.6,12.0,2600,TTG
2024-09-19,12.1,12.1,12.1,12.1,1000,TTG
2024-09-23,12.2,12.2,12.2,12.2,100,TTG
2024-09-25,12.1,12.1,10.5,10.6,1200,TTG
2024-09-26,9.2,12.3,9.2,12.2,5900,TTG
2024-09-27,13.6,13.6,13.6,13.6,3300,TTG
2024-09-30,15.5,15.5,13.5,13.7,4500,TTG
2024-10-01,17.1,17.1,13.2,13.2,4300,TTG
2024-10-02,13.4,13.5,13.4,13.5,200,TTG
2024-10-03,15.4,15.4,15.4,15.4,200,TTG
2024-10-07,16.7,16.7,16.7,16.7,100,TTG
2024-10-11,19.1,19.1,16.9,16.9,6700,TTG
2024-10-28,19.8,19.8,19.8,19.8,100,TTG
2024-10-29,16.9,16.9,16.9,16.9,100,TTG
2024-10-30,19.3,19.3,19.3,19.3,100,TTG
2024-11-07,19.3,19.3,19.3,19.3,56900,TTG
2024-11-12,19.8,19.8,19.8,19.8,100,TTG
2024-11-14,22.5,22.5,22.5,22.5,100,TTG
2024-11-18,23.8,23.8,23.8,23.8,100,TTG
2024-11-19,24.8,24.8,24.8,24.8,100,TTG
2024-11-20,24.8,26.9,21.1,26.9,400,TTG
2024-12-04,28.6,28.6,21.2,21.2,200,TTG
2024-12-09,21.2,21.2,21.2,21.2,100,TTG
2024-12-11,18.1,18.1,18.1,18.1,183000,TTG
2024-12-12,15.4,16.5,15.4,16.5,400,TTG
2024-12-13,17.9,17.9,13.4,15.0,3500,TTG
2024-12-16,12.0,15.7,11.9,13.9,91600,TTG
2024-12-17,13.6,13.6,13.3,13.3,2700,TTG
2024-12-18,11.5,13.5,11.5,13.5,200,TTG
2024-12-19,13.0,14.0,12.5,12.5,1600,TTG
2024-12-20,13.8,14.6,13.8,14.6,2500,TTG
2024-12-24,12.3,16.5,12.3,14.4,6300,TTG
2024-12-25,12.5,14.0,12.5,13.9,3000,TTG
2024-12-26,15.4,15.4,15.4,15.4,500,TTG
2024-12-31,13.1,14.0,13.1,13.9,3000,TTG
2025-01-03,13.4,13.4,13.4,13.4,100,TTG
2025-01-10,11.4,15.3,11.4,14.9,10800,TTG
2025-01-14,14.4,14.4,11.7,14.4,4300,TTG
2025-01-15,13.4,13.4,13.4,13.4,200,TTG
2025-01-16,13.3,15.3,13.3,15.3,2100,TTG
2025-01-17,14.0,14.0,13.8,13.8,2200,TTG
2025-01-20,13.9,13.9,13.9,13.9,200,TTG
2025-01-23,12.0,13.7,12.0,13.7,900,TTG
2025-01-24,12.5,13.9,11.0,13.7,6000,TTG
2025-02-03,13.9,13.9,13.8,13.8,200,TTG
2025-02-04,14.9,15.0,13.7,13.7,1800,TTG
2025-03-07,13.3,14.5,13.0,14.0,4100,TTG
2025-03-10,14.4,14.4,14.4,14.4,200,TTG
2025-03-25,16.4,16.4,12.3,13.5,700,TTG
2025-03-26,14.5,15.2,14.1,14.9,91400,TTG
2025-03-28,15.0,15.5,13.9,13.9,1900,TTG
2025-04-03,14.0,14.0,14.0,14.0,100,TTG
2025-04-04,15.9,15.9,15.9,15.9,500,TTG
2025-04-10,16.5,16.5,15.0,15.0,900,TTG
2025-04-11,14.0,14.0,13.9,13.9,4200,TTG
2025-04-14,15.8,15.8,11.9,13.6,11100,TTG
2025-04-15,10.8,14.0,10.5,14.0,4200,TTG
2025-04-16,9.7,13.0,9.7,10.8,26600,TTG
2025-04-17,10.8,11.8,10.5,11.8,9300,TTG
2025-04-18,11.4,11.4,11.3,11.3,1400,TTG
2025-04-24,9.7,10.8,9.7,10.4,6600,TTG
2025-04-25,9.9,11.3,9.9,11.3,11900,TTG
2025-04-28,12.3,12.3,9.6,9.6,200,TTG
2025-04-29,12.4,12.5,9.8,11.0,32200,TTG
2025-05-05,13.0,13.0,10.2,10.2,700,TTG
2025-05-06,12.0,12.0,9.7,9.7,500,TTG
2025-05-07,11.4,11.4,11.4,11.4,500,TTG
2025-05-08,9.9,11.0,9.7,10.7,36000,TTG
2025-05-09,10.9,11.6,10.9,11.6,14000,TTG
2025-05-12,12.3,12.3,10.0,11.2,4600,TTG
2025-05-13,11.0,11.2,10.0,10.0,1500,TTG
2025-05-14,11.0,11.0,10.0,11.0,35200,TTG
2025-05-15,10.5,10.5,10.0,10.0,800,TTG
2025-05-16,9.5,10.8,9.5,10.7,10400,TTG
2025-05-19,10.3,10.9,10.3,10.9,200,TTG
2025-05-20,10.5,10.5,10.5,10.5,2000,TTG
2025-05-21,10.5,10.7,10.5,10.7,1000,TTG
2025-05-22,10.5,10.5,10.5,10.5,5000,TTG
2025-05-23,10.7,10.7,10.7,10.7,100,TTG
2025-05-27,10.7,10.9,10.7,10.9,900,TTG
2025-05-30,10.8,12.0,10.8,12.0,5500,TTG
2025-06-02,11.4,11.4,11.4,11.4,100,TTG
2025-06-04,11.4,11.9,9.9,11.6,1000,TTG
2025-06-05,11.9,11.9,11.9,11.9,100,TTG
2025-06-06,12.4,12.4,12.0,12.4,1500,TTG
2025-06-10,12.2,13.0,10.5,10.8,1300,TTG
2025-06-11,11.9,12.0,11.9,12.0,400,TTG
2025-06-13,11.9,12.4,11.9,12.4,200,TTG
2025-06-16,13.0,13.0,10.4,12.8,400,TTG
2025-06-17,12.9,12.9,12.0,12.0,800,TTG
2025-06-18,12.8,12.8,12.8,12.8,100,TTG
2025-06-19,10.9,12.6,10.9,12.6,600,TTG
2025-06-20,12.4,12.4,12.4,12.4,300,TTG
2025-06-24,10.7,10.9,10.7,10.9,1900,TTG
2025-06-25,11.0,11.0,10.9,10.9,150200,TTG
2025-06-27,11.9,11.9,11.9,11.9,100,TTG
2025-07-02,11.9,13.0,11.9,13.0,200,TTG
2025-07-03,12.0,12.0,12.0,12.0,100,TTG
2025-07-08,10.4,10.4,10.4,10.4,900,TTG
2025-07-09,11.4,11.4,10.0,11.3,9300,TTG
2025-07-10,11.1,12.4,11.1,11.1,35500,TTG
2025-07-11,12.4,12.6,12.4,12.6,30000,TTG
2025-07-14,12.3,12.3,12.3,12.3,100,TTG
2025-07-15,10.5,11.8,10.5,11.8,500,TTG
2025-07-16,11.7,11.8,10.5,11.5,4100,TTG
2025-07-17,11.6,11.6,11.6,11.6,200,TTG
2025-07-23,10.1,10.9,10.0,10.8,11600,TTG
2025-07-24,10.7,10.7,10.7,10.7,100,TTG
2025-07-25,10.7,10.7,10.7,10.7,200,TTG
2025-07-28,10.7,12.2,9.6,12.0,2500,TTG
2025-07-29,11.1,11.1,10.9,10.9,1500,TTG
2025-07-30,12.0,12.0,12.0,12.0,200,TTG
2025-08-11,11.5,11.5,10.3,11.5,800,TTG
2025-08-13,10.6,11.9,9.5,11.9,6300,TTG
2025-08-15,10.2,10.2,10.1,10.1,1500,TTG
2025-08-18,10.9,10.9,10.9,10.9,300,TTG
2025-08-19,11.3,11.3,10.0,10.1,1400,TTG
2025-08-20,11.1,11.1,11.1,11.1,100,TTG
2025-08-26,10.9,10.9,10.0,10.0,400,TTG
2025-08-27,11.2,11.2,11.2,11.2,800,TTG
2025-08-29,10.7,10.7,10.7,10.7,100,TTG
2025-09-03,10.7,10.7,10.7,10.7,300,TTG
2025-09-04,11.1,11.1,11.1,11.1,100,TTG
2025-09-08,9.7,9.8,9.7,9.7,500,TTG
2025-09-09,10.8,10.8,10.8,10.8,1000,TTG
2025-09-11,10.3,10.3,10.3,10.3,100,TTG
2025-09-12,10.3,10.9,10.3,10.9,200,TTG
2025-09-18,9.1,10.5,9.1,10.5,400,TTG
2025-09-19,10.9,10.9,10.9,10.9,100,TTG
2025-09-23,10.9,11.0,10.9,11.0,200,TTG
2025-09-24,11.1,11.1,11.1,11.1,100,TTG
2025-10-15,10.0,10.4,10.0,10.4,200300,TTG
2025-10-17,10.9,10.9,10.9,10.9,200,TTG
2025-10-22,10.0,10.6,10.0,10.6,100100,TTG
2025-10-23,11.1,11.1,11.1,11.1,100,TTG
2025-10-28,9.8,9.9,9.8,9.9,400,TTG
2025-10-29,11.0,11.0,11.0,11.0,30100,TTG
2025-10-30,10.4,10.4,10.4,10.4,700,TTG
2025-10-31,11.0,11.1,11.0,11.1,6100,TTG
2025-11-03,9.4,10.9,9.4,10.9,200,TTG
2025-11-04,11.2,11.2,11.2,11.2,100,TTG
2025-11-05,10.0,11.0,10.0,11.0,35100,TTG
2025-11-06,10.0,10.7,10.0,10.7,300,TTG
2025-11-07,11.1,11.1,11.1,11.1,100,TTG
2025-11-18,9.5,10.8,9.5,10.8,1900,TTG
2025-11-19,10.5,10.6,10.5,10.6,600,TTG
2025-11-20,11.0,11.0,11.0,11.0,1500,TTG
2025-12-01,12.3,12.3,11.7,11.8,10200,TTG
2025-12-02,13.2,13.2,12.7,12.7,500,TTG
2025-12-03,14.0,14.0,10.9,13.5,1400,TTG
2025-12-04,12.7,12.7,10.1,12.5,4700,TTG
2025-12-05,12.9,13.0,10.7,12.4,16400,TTG
2025-12-10,11.7,11.9,11.3,11.3,140200,TTG
2025-12-11,11.4,11.5,10.1,11.2,70400,TTG
2025-12-16,10.5,10.5,10.5,10.5,100,TTG
2025-12-17,10.9,10.9,10.0,10.0,440900,TTG
2025-12-18,10.0,10.0,10.0,10.0,400,TTG
2025-12-22,10.1,10.1,8.8,8.8,400,TTG
2025-12-23,10.0,10.3,9.8,10.3,12800,TTG
2025-12-24,10.4,10.4,10.4,10.4,100,TTG
2026-01-05,10.0,10.4,10.0,10.4,1500,TTG
2026-01-06,10.4,11.5,9.3,10.5,3800,TTG
2026-01-08,9.9,10.0,9.9,10.0,100800,TTG
2026-01-09,11.4,11.4,11.4,11.4,1100,TTG
2026-01-12,11.3,13.1,9.7,12.9,170200,TTG
2026-01-13,10.7,12.3,10.7,12.2,1000,TTG
2026-01-14,13.7,13.7,10.2,12.0,60500,TTG
2026-01-15,12.7,12.7,12.7,12.7,600,TTG
2026-01-16,10.8,11.8,10.8,11.8,3600,TTG
2026-01-19,12.5,13.2,12.5,13.2,1400,TTG
2026-01-20,13.0,14.5,13.0,14.5,400,TTG
2026-01-23,12.0,16.2,12.0,16.0,20100,TTG
2026-01-26,16.3,16.3,16.2,16.2,500,TTG
2026-01-27,16.2,18.1,16.2,18.1,600,TTG
2026-01-28,17.5,17.5,17.5,17.5,200,TTG
2026-01-29,14.9,17.9,14.9,17.9,4700,TTG
2026-01-30,18.0,18.0,13.6,17.1,1000,TTG
2026-02-02,17.3,17.3,13.0,16.4,1800,TTG
2026-02-03,17.6,17.6,17.6,17.6,100,TTG
2026-02-04,16.0,16.4,16.0,16.4,1100,TTG
2026-02-06,16.4,18.8,16.4,18.8,600,TTG
2026-02-09,20.0,20.0,14.9,16.0,500,TTG
2026-02-10,18.6,18.6,13.8,17.9,6800,TTG
2026-02-11,16.0,16.0,12.5,15.8,15200,TTG
2026-02-12,14.3,14.3,14.0,14.0,200,TTG
2026-02-13,15.0,16.0,12.1,15.3,600,TTG
2026-02-23,15.5,15.5,11.9,14.7,35700,TTG
2026-02-24,12.0,13.4,12.0,13.4,300,TTG
2026-02-25,14.5,14.5,14.5,14.5,200,TTG
2026-02-26,12.9,12.9,12.4,12.4,10100,TTG
2026-02-27,14.0,14.0,11.0,13.7,2300,TTG
2026-03-02,12.5,14.2,12.2,13.1,800,TTG
2026-03-03,15.0,15.2,15.0,15.2,200,TTG
2026-03-04,15.9,17.2,13.9,15.0,400,TTG
2026-03-05,14.2,14.2,13.5,13.5,2300,TTG
2026-03-09,14.2,15.5,12.0,12.0,400,TTG
2026-03-10,13.6,13.7,12.3,12.3,300,TTG
2026-03-11,13.9,14.0,13.9,14.0,200,TTG
