horizon,regime,model_name,observations,accuracy,precision,recall,f1,roc_auc,positive_class_precision,realized_profit_rate
20d,bear,cart,12,0.4166666666666667,0.625,0.5555555555555556,0.5882352941176471,0.2777777777777778,0.625,0.75
20d,bear,lightgbm,12,0.4166666666666667,0.625,0.5555555555555556,0.5882352941176471,0.0,0.625,0.75
20d,bear,xgboost,12,0.5,0.6666666666666666,0.6666666666666666,0.6666666666666666,0.03703703703703704,0.6666666666666666,0.75
20d,bull,cart,88,0.5681818181818182,0.43103448275862066,0.8333333333333334,0.5681818181818182,0.632183908045977,0.43103448275862066,0.3409090909090909
20d,bull,lightgbm,88,0.5681818181818182,0.4375,0.9333333333333333,0.5957446808510638,0.5620689655172414,0.4375,0.3409090909090909
20d,bull,xgboost,88,0.5454545454545454,0.4264705882352941,0.9666666666666667,0.5918367346938775,0.6040229885057471,0.4264705882352941,0.3409090909090909
20d,sideway,cart,48,0.625,0.7368421052631579,0.7777777777777778,0.7567567567567568,0.4722222222222222,0.7368421052631579,0.75
20d,sideway,lightgbm,48,0.6875,0.7692307692307693,0.8333333333333334,0.8,0.23379629629629634,0.7692307692307693,0.75
20d,sideway,xgboost,48,0.7083333333333334,0.775,0.8611111111111112,0.8157894736842105,0.2777777777777778,0.775,0.75
