step_size,ticker,horizon,model_name,total_predictions,evaluation_eligible_predictions,evaluation_ineligible_predictions,coverage_ratio,first_prediction_date,last_prediction_date,last_eligible_prediction_date
1,ACB,long_3m,cart,306,243,63,0.7941176470588235,2025-01-02,2026-03-31,2025-12-23
1,ACB,long_3m,stacking_final,306,243,63,0.7941176470588235,2025-01-02,2026-03-31,2025-12-23
1,ACB,long_6m,cart,306,180,126,0.5882352941176471,2025-01-02,2026-03-31,2025-09-25
1,ACB,long_6m,stacking_final,306,180,126,0.5882352941176471,2025-01-02,2026-03-31,2025-09-25
1,ACB,short_10d,cart,306,296,10,0.9673202614379085,2025-01-02,2026-03-31,2026-03-17
1,ACB,short_10d,stacking_final,306,296,10,0.9673202614379085,2025-01-02,2026-03-31,2026-03-17
1,ACB,short_20d,cart,306,286,20,0.934640522875817,2025-01-02,2026-03-31,2026-03-03
1,ACB,short_20d,stacking_final,306,286,20,0.934640522875817,2025-01-02,2026-03-31,2026-03-03
1,ACB,short_30d,cart,306,276,30,0.9019607843137255,2025-01-02,2026-03-31,2026-02-10
1,ACB,short_30d,stacking_final,306,276,30,0.9019607843137255,2025-01-02,2026-03-31,2026-02-10
1,ACB,short_5d,cart,306,301,5,0.9836601307189542,2025-01-02,2026-03-31,2026-03-24
1,ACB,short_5d,stacking_final,306,301,5,0.9836601307189542,2025-01-02,2026-03-31,2026-03-24
1,DGC,long_3m,cart,306,243,63,0.7941176470588235,2025-01-02,2026-03-31,2025-12-23
1,DGC,long_3m,stacking_final,306,243,63,0.7941176470588235,2025-01-02,2026-03-31,2025-12-23
1,DGC,long_6m,cart,306,180,126,0.5882352941176471,2025-01-02,2026-03-31,2025-09-25
1,DGC,long_6m,stacking_final,306,180,126,0.5882352941176471,2025-01-02,2026-03-31,2025-09-25
1,DGC,short_10d,cart,306,296,10,0.9673202614379085,2025-01-02,2026-03-31,2026-03-17
1,DGC,short_10d,stacking_final,306,296,10,0.9673202614379085,2025-01-02,2026-03-31,2026-03-17
1,DGC,short_20d,cart,306,286,20,0.934640522875817,2025-01-02,2026-03-31,2026-03-03
1,DGC,short_20d,stacking_final,306,286,20,0.934640522875817,2025-01-02,2026-03-31,2026-03-03
1,DGC,short_30d,cart,306,276,30,0.9019607843137255,2025-01-02,2026-03-31,2026-02-10
1,DGC,short_30d,stacking_final,306,276,30,0.9019607843137255,2025-01-02,2026-03-31,2026-02-10
1,DGC,short_5d,cart,306,301,5,0.9836601307189542,2025-01-02,2026-03-31,2026-03-24
1,DGC,short_5d,stacking_final,306,301,5,0.9836601307189542,2025-01-02,2026-03-31,2026-03-24
1,FPT,long_3m,cart,306,243,63,0.7941176470588235,2025-01-02,2026-03-31,2025-12-23
1,FPT,long_3m,stacking_final,306,243,63,0.7941176470588235,2025-01-02,2026-03-31,2025-12-23
1,FPT,long_6m,cart,306,180,126,0.5882352941176471,2025-01-02,2026-03-31,2025-09-25
1,FPT,long_6m,stacking_final,306,180,126,0.5882352941176471,2025-01-02,2026-03-31,2025-09-25
1,FPT,short_10d,cart,306,296,10,0.9673202614379085,2025-01-02,2026-03-31,2026-03-17
1,FPT,short_10d,stacking_final,306,296,10,0.9673202614379085,2025-01-02,2026-03-31,2026-03-17
1,FPT,short_20d,cart,306,286,20,0.934640522875817,2025-01-02,2026-03-31,2026-03-03
1,FPT,short_20d,stacking_final,306,286,20,0.934640522875817,2025-01-02,2026-03-31,2026-03-03
1,FPT,short_30d,cart,306,276,30,0.9019607843137255,2025-01-02,2026-03-31,2026-02-10
1,FPT,short_30d,stacking_final,306,276,30,0.9019607843137255,2025-01-02,2026-03-31,2026-02-10
1,FPT,short_5d,cart,306,301,5,0.9836601307189542,2025-01-02,2026-03-31,2026-03-24
1,FPT,short_5d,stacking_final,306,301,5,0.9836601307189542,2025-01-02,2026-03-31,2026-03-24
1,MSN,long_3m,cart,306,243,63,0.7941176470588235,2025-01-02,2026-03-31,2025-12-23
1,MSN,long_3m,stacking_final,306,243,63,0.7941176470588235,2025-01-02,2026-03-31,2025-12-23
1,MSN,long_6m,cart,306,180,126,0.5882352941176471,2025-01-02,2026-03-31,2025-09-25
1,MSN,long_6m,stacking_final,306,180,126,0.5882352941176471,2025-01-02,2026-03-31,2025-09-25
1,MSN,short_10d,cart,306,296,10,0.9673202614379085,2025-01-02,2026-03-31,2026-03-17
1,MSN,short_10d,stacking_final,306,296,10,0.9673202614379085,2025-01-02,2026-03-31,2026-03-17
1,MSN,short_20d,cart,306,286,20,0.934640522875817,2025-01-02,2026-03-31,2026-03-03
1,MSN,short_20d,stacking_final,306,286,20,0.934640522875817,2025-01-02,2026-03-31,2026-03-03
1,MSN,short_30d,cart,306,276,30,0.9019607843137255,2025-01-02,2026-03-31,2026-02-10
1,MSN,short_30d,stacking_final,306,276,30,0.9019607843137255,2025-01-02,2026-03-31,2026-02-10
1,MSN,short_5d,cart,306,301,5,0.9836601307189542,2025-01-02,2026-03-31,2026-03-24
1,MSN,short_5d,stacking_final,306,301,5,0.9836601307189542,2025-01-02,2026-03-31,2026-03-24
1,MWG,long_3m,cart,306,243,63,0.7941176470588235,2025-01-02,2026-03-31,2025-12-23
1,MWG,long_3m,stacking_final,306,243,63,0.7941176470588235,2025-01-02,2026-03-31,2025-12-23
1,MWG,long_6m,cart,306,180,126,0.5882352941176471,2025-01-02,2026-03-31,2025-09-25
1,MWG,long_6m,stacking_final,306,180,126,0.5882352941176471,2025-01-02,2026-03-31,2025-09-25
1,MWG,short_10d,cart,306,296,10,0.9673202614379085,2025-01-02,2026-03-31,2026-03-17
1,MWG,short_10d,stacking_final,306,296,10,0.9673202614379085,2025-01-02,2026-03-31,2026-03-17
1,MWG,short_20d,cart,306,286,20,0.934640522875817,2025-01-02,2026-03-31,2026-03-03
1,MWG,short_20d,stacking_final,306,286,20,0.934640522875817,2025-01-02,2026-03-31,2026-03-03
1,MWG,short_30d,cart,306,276,30,0.9019607843137255,2025-01-02,2026-03-31,2026-02-10
1,MWG,short_30d,stacking_final,306,276,30,0.9019607843137255,2025-01-02,2026-03-31,2026-02-10
1,MWG,short_5d,cart,306,301,5,0.9836601307189542,2025-01-02,2026-03-31,2026-03-24
1,MWG,short_5d,stacking_final,306,301,5,0.9836601307189542,2025-01-02,2026-03-31,2026-03-24
1,SSI,long_3m,cart,306,243,63,0.7941176470588235,2025-01-02,2026-03-31,2025-12-23
1,SSI,long_3m,stacking_final,306,243,63,0.7941176470588235,2025-01-02,2026-03-31,2025-12-23
1,SSI,long_6m,cart,306,180,126,0.5882352941176471,2025-01-02,2026-03-31,2025-09-25
1,SSI,long_6m,stacking_final,306,180,126,0.5882352941176471,2025-01-02,2026-03-31,2025-09-25
1,SSI,short_10d,cart,306,296,10,0.9673202614379085,2025-01-02,2026-03-31,2026-03-17
1,SSI,short_10d,stacking_final,306,296,10,0.9673202614379085,2025-01-02,2026-03-31,2026-03-17
1,SSI,short_20d,cart,306,286,20,0.934640522875817,2025-01-02,2026-03-31,2026-03-03
1,SSI,short_20d,stacking_final,306,286,20,0.934640522875817,2025-01-02,2026-03-31,2026-03-03
1,SSI,short_30d,cart,306,276,30,0.9019607843137255,2025-01-02,2026-03-31,2026-02-10
1,SSI,short_30d,stacking_final,306,276,30,0.9019607843137255,2025-01-02,2026-03-31,2026-02-10
1,SSI,short_5d,cart,306,301,5,0.9836601307189542,2025-01-02,2026-03-31,2026-03-24
1,SSI,short_5d,stacking_final,306,301,5,0.9836601307189542,2025-01-02,2026-03-31,2026-03-24
2,ACB,long_3m,cart,153,122,31,0.7973856209150327,2025-01-02,2026-03-30,2025-12-23
2,ACB,long_3m,stacking_final,153,122,31,0.7973856209150327,2025-01-02,2026-03-30,2025-12-23
2,ACB,long_6m,cart,153,90,63,0.5882352941176471,2025-01-02,2026-03-30,2025-09-24
2,ACB,long_6m,stacking_final,153,90,63,0.5882352941176471,2025-01-02,2026-03-30,2025-09-24
2,ACB,short_10d,cart,153,148,5,0.9673202614379085,2025-01-02,2026-03-30,2026-03-16
2,ACB,short_10d,stacking_final,153,148,5,0.9673202614379085,2025-01-02,2026-03-30,2026-03-16
2,ACB,short_20d,cart,153,143,10,0.934640522875817,2025-01-02,2026-03-30,2026-03-02
2,ACB,short_20d,stacking_final,153,143,10,0.934640522875817,2025-01-02,2026-03-30,2026-03-02
2,ACB,short_30d,cart,153,138,15,0.9019607843137255,2025-01-02,2026-03-30,2026-02-09
2,ACB,short_30d,stacking_final,153,138,15,0.9019607843137255,2025-01-02,2026-03-30,2026-02-09
2,ACB,short_5d,cart,153,151,2,0.9869281045751634,2025-01-02,2026-03-30,2026-03-24
2,ACB,short_5d,stacking_final,153,151,2,0.9869281045751634,2025-01-02,2026-03-30,2026-03-24
2,DGC,long_3m,cart,153,122,31,0.7973856209150327,2025-01-02,2026-03-30,2025-12-23
2,DGC,long_3m,stacking_final,153,122,31,0.7973856209150327,2025-01-02,2026-03-30,2025-12-23
2,DGC,long_6m,cart,153,90,63,0.5882352941176471,2025-01-02,2026-03-30,2025-09-24
2,DGC,long_6m,stacking_final,153,90,63,0.5882352941176471,2025-01-02,2026-03-30,2025-09-24
2,DGC,short_10d,cart,153,148,5,0.9673202614379085,2025-01-02,2026-03-30,2026-03-16
2,DGC,short_10d,stacking_final,153,148,5,0.9673202614379085,2025-01-02,2026-03-30,2026-03-16
2,DGC,short_20d,cart,153,143,10,0.934640522875817,2025-01-02,2026-03-30,2026-03-02
2,DGC,short_20d,stacking_final,153,143,10,0.934640522875817,2025-01-02,2026-03-30,2026-03-02
2,DGC,short_30d,cart,153,138,15,0.9019607843137255,2025-01-02,2026-03-30,2026-02-09
2,DGC,short_30d,stacking_final,153,138,15,0.9019607843137255,2025-01-02,2026-03-30,2026-02-09
2,DGC,short_5d,cart,153,151,2,0.9869281045751634,2025-01-02,2026-03-30,2026-03-24
2,DGC,short_5d,stacking_final,153,151,2,0.9869281045751634,2025-01-02,2026-03-30,2026-03-24
2,FPT,long_3m,cart,153,122,31,0.7973856209150327,2025-01-02,2026-03-30,2025-12-23
2,FPT,long_3m,stacking_final,153,122,31,0.7973856209150327,2025-01-02,2026-03-30,2025-12-23
2,FPT,long_6m,cart,153,90,63,0.5882352941176471,2025-01-02,2026-03-30,2025-09-24
2,FPT,long_6m,stacking_final,153,90,63,0.5882352941176471,2025-01-02,2026-03-30,2025-09-24
2,FPT,short_10d,cart,153,148,5,0.9673202614379085,2025-01-02,2026-03-30,2026-03-16
2,FPT,short_10d,stacking_final,153,148,5,0.9673202614379085,2025-01-02,2026-03-30,2026-03-16
2,FPT,short_20d,cart,153,143,10,0.934640522875817,2025-01-02,2026-03-30,2026-03-02
2,FPT,short_20d,stacking_final,153,143,10,0.934640522875817,2025-01-02,2026-03-30,2026-03-02
2,FPT,short_30d,cart,153,138,15,0.9019607843137255,2025-01-02,2026-03-30,2026-02-09
2,FPT,short_30d,stacking_final,153,138,15,0.9019607843137255,2025-01-02,2026-03-30,2026-02-09
2,FPT,short_5d,cart,153,151,2,0.9869281045751634,2025-01-02,2026-03-30,2026-03-24
2,FPT,short_5d,stacking_final,153,151,2,0.9869281045751634,2025-01-02,2026-03-30,2026-03-24
2,MSN,long_3m,cart,153,122,31,0.7973856209150327,2025-01-02,2026-03-30,2025-12-23
2,MSN,long_3m,stacking_final,153,122,31,0.7973856209150327,2025-01-02,2026-03-30,2025-12-23
2,MSN,long_6m,cart,153,90,63,0.5882352941176471,2025-01-02,2026-03-30,2025-09-24
2,MSN,long_6m,stacking_final,153,90,63,0.5882352941176471,2025-01-02,2026-03-30,2025-09-24
2,MSN,short_10d,cart,153,148,5,0.9673202614379085,2025-01-02,2026-03-30,2026-03-16
2,MSN,short_10d,stacking_final,153,148,5,0.9673202614379085,2025-01-02,2026-03-30,2026-03-16
2,MSN,short_20d,cart,153,143,10,0.934640522875817,2025-01-02,2026-03-30,2026-03-02
2,MSN,short_20d,stacking_final,153,143,10,0.934640522875817,2025-01-02,2026-03-30,2026-03-02
2,MSN,short_30d,cart,153,138,15,0.9019607843137255,2025-01-02,2026-03-30,2026-02-09
2,MSN,short_30d,stacking_final,153,138,15,0.9019607843137255,2025-01-02,2026-03-30,2026-02-09
2,MSN,short_5d,cart,153,151,2,0.9869281045751634,2025-01-02,2026-03-30,2026-03-24
2,MSN,short_5d,stacking_final,153,151,2,0.9869281045751634,2025-01-02,2026-03-30,2026-03-24
2,MWG,long_3m,cart,153,122,31,0.7973856209150327,2025-01-02,2026-03-30,2025-12-23
2,MWG,long_3m,stacking_final,153,122,31,0.7973856209150327,2025-01-02,2026-03-30,2025-12-23
2,MWG,long_6m,cart,153,90,63,0.5882352941176471,2025-01-02,2026-03-30,2025-09-24
2,MWG,long_6m,stacking_final,153,90,63,0.5882352941176471,2025-01-02,2026-03-30,2025-09-24
2,MWG,short_10d,cart,153,148,5,0.9673202614379085,2025-01-02,2026-03-30,2026-03-16
2,MWG,short_10d,stacking_final,153,148,5,0.9673202614379085,2025-01-02,2026-03-30,2026-03-16
2,MWG,short_20d,cart,153,143,10,0.934640522875817,2025-01-02,2026-03-30,2026-03-02
2,MWG,short_20d,stacking_final,153,143,10,0.934640522875817,2025-01-02,2026-03-30,2026-03-02
2,MWG,short_30d,cart,153,138,15,0.9019607843137255,2025-01-02,2026-03-30,2026-02-09
2,MWG,short_30d,stacking_final,153,138,15,0.9019607843137255,2025-01-02,2026-03-30,2026-02-09
2,MWG,short_5d,cart,153,151,2,0.9869281045751634,2025-01-02,2026-03-30,2026-03-24
2,MWG,short_5d,stacking_final,153,151,2,0.9869281045751634,2025-01-02,2026-03-30,2026-03-24
2,SSI,long_3m,cart,153,122,31,0.7973856209150327,2025-01-02,2026-03-30,2025-12-23
2,SSI,long_3m,stacking_final,153,122,31,0.7973856209150327,2025-01-02,2026-03-30,2025-12-23
2,SSI,long_6m,cart,153,90,63,0.5882352941176471,2025-01-02,2026-03-30,2025-09-24
2,SSI,long_6m,stacking_final,153,90,63,0.5882352941176471,2025-01-02,2026-03-30,2025-09-24
2,SSI,short_10d,cart,153,148,5,0.9673202614379085,2025-01-02,2026-03-30,2026-03-16
2,SSI,short_10d,stacking_final,153,148,5,0.9673202614379085,2025-01-02,2026-03-30,2026-03-16
2,SSI,short_20d,cart,153,143,10,0.934640522875817,2025-01-02,2026-03-30,2026-03-02
2,SSI,short_20d,stacking_final,153,143,10,0.934640522875817,2025-01-02,2026-03-30,2026-03-02
2,SSI,short_30d,cart,153,138,15,0.9019607843137255,2025-01-02,2026-03-30,2026-02-09
2,SSI,short_30d,stacking_final,153,138,15,0.9019607843137255,2025-01-02,2026-03-30,2026-02-09
2,SSI,short_5d,cart,153,151,2,0.9869281045751634,2025-01-02,2026-03-30,2026-03-24
2,SSI,short_5d,stacking_final,153,151,2,0.9869281045751634,2025-01-02,2026-03-30,2026-03-24
